id,nadawca_id
1,1
2,1
3,2
4,3
5,3
6,4
7,5
8,5
9,6
10,7
11,7
12,7
13,7
14,8
15,9
16,10
17,10
18,10
19,11
20,11
21,12
22,12
23,12
24,12
25,13
26,14
27,15
28,16
29,17
30,18
31,18
32,18
33,18
34,19
35,20
36,21
37,21
38,21
39,21
40,22
41,22
42,23
43,24
44,25
45,26
46,27
47,27
48,27
49,28
50,29
51,30
52,31
53,31
54,31
55,31
56,32
57,33
58,33
59,33
60,33
61,34
62,34
63,34
64,35
65,35
66,35
67,35
68,36
69,36
70,36
71,36
72,37
73,37
74,38
75,39
76,40
77,41
78,42
79,43
80,43
81,44
82,45
83,46
84,47
85,48
86,49
87,50
88,51
89,51
90,52
91,53
92,53
93,53
94,54
95,55
96,56
97,57
98,58
99,59
100,59
101,59
102,60
103,60
104,60
105,61
106,61
107,61
108,62
109,63
110,63
111,64
112,64
113,64
114,65
115,66
116,66
117,67
118,68
119,68
120,68
121,69
122,69
123,69
124,70
125,71
126,72
127,72
128,72
129,73
130,74
131,74
132,75
133,76
134,76
135,76
136,76
137,77
138,78
139,78
140,78
141,79
142,79
143,79
144,80
145,80
146,80
147,81
148,81
149,82
150,83
151,83
152,84
153,84
154,85
155,85
156,85
157,85
158,86
159,87
160,88
161,89
162,90
163,90
164,90
165,91
166,92
167,92
168,92
169,92
170,93
171,94
172,95
173,96
174,97
175,98
176,98
177,99
178,100
179,101
180,102
181,103
182,104
183,104
184,104
185,105
186,106
187,107
188,107
189,107
190,107
191,108
192,109
193,109
194,109
195,110
196,110
197,110
198,111
199,111
200,111
201,112
202,113
203,113
204,113
205,113
206,114
207,115
208,116
209,117
210,118
211,119
212,119
213,119
214,120
215,120
216,121
217,122
218,123
219,123
220,123
221,123
222,124
223,125
224,126
225,126
226,126
227,127
228,127
229,127
230,128
231,128
232,128
233,129
234,130
235,131
236,132
237,132
238,132
239,133
240,133
241,134
242,135
243,136
244,136
245,136
246,136
247,137
248,138
249,139
250,139
251,140
252,141
253,141
254,141
255,141
256,142
257,142
258,143
259,143
260,143
261,144
262,145
263,146
264,147
265,148
266,148
267,148
268,148
269,149
270,150
271,151
272,152
273,153
274,154
275,154
276,155
277,156
278,156
279,156
280,157
281,158
282,158
283,158
284,159
285,160
286,161
287,162
288,162
289,162
290,163
291,163
292,163
293,163
294,164
295,165
296,166
297,167
298,168
299,168
300,169
301,170
302,170
303,171
304,171
305,171
306,171
307,172
308,173
309,173
310,173
311,174
312,175
313,175
314,175
315,175
316,176
317,177
318,178
319,179
320,180
321,180
322,181
323,182
324,182
325,183
326,183
327,183
328,184
329,184
330,185
331,186
332,187
333,187
334,187
335,187
336,188
337,189
338,190
339,191
340,191
341,191
342,191
343,192
344,193
345,194
346,194
347,194
348,194
349,195
350,196
351,197
352,197
353,197
354,197
355,198
356,199
357,200
358,201
359,202
360,203
361,203
362,203
363,204
364,204
365,204
366,205
367,205
368,206
369,207
370,208
371,209
372,210
373,211
374,211
375,212
376,213
377,214
378,214
379,215
380,216
381,216
382,216
383,216
384,217
385,217
386,217
387,218
388,219
389,220
390,220
391,221
392,221
393,221
394,221
395,222
396,223
397,223
398,224
399,224
400,224
401,225
402,225
403,225
404,226
405,226
406,226
407,226
408,227
409,228
410,229
411,229
412,229
413,229
414,230
415,230
416,230
417,231
418,232
419,232
420,232
421,232
422,233
423,234
424,234
425,234
426,235
427,236
428,237
429,238
430,239
431,240
432,240
433,240
434,241
435,242
436,243
437,243
438,243
439,244
440,245
441,246
442,247
443,248
444,249
445,249
446,249
447,249
448,250
449,250
450,250
451,251
452,252
453,253
454,253
455,253
456,253
457,254
458,255
459,256
460,257
461,257
462,257
463,257
464,258
465,259
466,260
467,260
468,260
469,260
470,261
471,262
472,263
473,264
474,265
475,266
476,267
477,267
478,268
479,269
480,269
481,269
482,269
483,270
484,270
485,270
486,271
487,272
488,273
489,274
490,275
491,275
492,275
493,275
494,276
495,277
496,278
497,278
498,278
499,279
500,280
501,281
502,282
503,282
504,282
505,282
506,283
507,283
508,283
509,283
510,284
511,285
512,286
513,286
514,286
515,286
516,287
517,287
518,288
519,288
520,288
521,289
522,290
523,290
524,290
525,291
526,291
527,292
528,293
529,293
530,294
531,294
532,294
533,295
534,295
535,295
536,295
537,296
538,297
539,297
540,297
541,298
542,299
543,300
544,300
545,300
546,300
547,301
548,301
549,301
550,301
551,302
552,303
553,304
554,304
555,304
556,304
557,305
558,306
559,306
560,307
561,308
562,309
563,310
564,311
565,311
566,311
567,311
568,312
569,313
570,313
571,314
572,314
573,315
574,315
575,316
576,316
577,316
578,316
579,317
580,318
581,318
582,319
583,320
584,320
585,320
586,321
587,322
588,322
589,322
590,322
591,323
592,323
593,323
594,323
595,324
596,325
597,326
598,326
599,327
600,327
601,328
602,329
603,330
604,331
605,331
606,331
607,331
608,332
609,333
610,333
611,334
612,335
613,335
614,336
615,337
616,338
617,339
618,339
619,340
620,341
621,342
622,342
623,342
624,342
625,343
626,344
627,344
628,344
629,344
630,345
631,346
632,347
633,347
634,347
635,348
636,349
637,349
638,349
639,350
640,351
641,352
642,352
643,353
644,354
645,354
646,354
647,355
648,356
649,356
650,356
651,357
652,358
653,359
654,360
655,360
656,360
657,360
658,361
659,361
660,362
661,363
662,363
663,363
664,363
665,364
666,364
667,364
668,365
669,365
670,365
671,365
672,366
673,367
674,367
675,368
676,369
677,370
678,370
679,370
680,370
681,371
682,372
683,373
684,374
685,375
686,376
687,377
688,378
689,379
690,379
691,379
692,379
693,380
694,381
695,381
696,381
697,382
698,383
699,384
700,384
701,384
702,384
703,385
704,385
705,386
706,387
707,388
708,389
709,389
710,389
711,390
712,391
713,391
714,391
715,392
716,393
717,393
718,393
719,393
720,394
721,395
722,395
723,395
724,396
725,396
726,396
727,396
728,397
729,398
730,398
731,399
732,400
733,400
734,401
735,401
736,401
737,401
738,402
739,403
740,404
741,405
742,406
743,406
744,407
745,408
746,409
747,410
748,411
749,412
750,413
751,414
752,415
753,416
754,416
755,417
756,418
757,418
758,419
759,419
760,420
761,420
762,421
763,421
764,421
765,422
766,423
767,424
768,424
769,425
770,426
771,427
772,428
773,428
774,429
775,430
776,430
777,430
778,430
779,431
780,431
781,431
782,432
783,432
784,432
785,433
786,434
787,434
788,434
789,435
790,435
791,435
792,435
793,436
794,436
795,436
796,436
797,437
798,438
799,438
800,439
801,439
802,439
803,439
804,440
805,441
806,442
807,443
808,444
809,445
810,446
811,447
812,447
813,447
814,447
815,448
816,448
817,448
818,448
819,449
820,450
821,451
822,451
823,452
824,452
825,453
826,453
827,454
828,455
829,456
830,457
831,458
832,458
833,459
834,460
835,461
836,462
837,463
838,464
839,464
840,464
841,464
842,465
843,466
844,466
845,466
846,467
847,468
848,469
849,470
850,471
851,472
852,473
853,474
854,475
855,476
856,476
857,476
858,476
859,477
860,478
861,479
862,479
863,479
864,480
865,481
866,481
867,482
868,483
869,484
870,484
871,484
872,484
873,485
874,486
875,487
876,488
877,488
878,489
879,490
880,491
881,492
882,493
883,494
884,495
885,496
886,497
887,497
888,497
889,497
890,498
891,498
892,499
893,500
894,500
895,500
896,500
897,501
898,502
899,503
900,504
901,504
902,504
903,504
904,505
905,506
906,506
907,507
908,507
909,508
910,509
911,510
912,510
913,511
914,512
915,512
916,512
917,512
918,513
919,514
920,514
921,514
922,514
923,515
924,515
925,515
926,515
927,516
928,517
929,518
930,518
931,518
932,518
933,519
934,520
935,520
936,521
937,522
938,523
939,524
940,525
941,525
942,525
943,526
944,526
945,527
946,528
947,528
948,528
949,529
950,530
951,531
952,531
953,532
954,532
955,532
956,532
957,533
958,534
959,534
960,534
961,535
962,536
963,537
964,537
965,537
966,537
967,538
968,538
969,538
970,539
971,539
972,540
973,541
974,542
975,543
976,543
977,543
978,544
979,545
980,546
981,547
982,548
983,549
984,549
985,549
986,549
987,550
988,550
989,551
990,552
991,552
992,552
993,552
994,553
995,553
996,553
997,553
998,554
999,555
1000,556
1001,557
1002,557
1003,558
1004,559
1005,559
1006,559
1007,560
1008,560
1009,561
1010,562
1011,563
1012,563
1013,564
1014,565
1015,566
1016,567
1017,567
1018,568
1019,569
1020,570
1021,570
1022,570
1023,570
1024,571
1025,571
1026,571
1027,571
1028,572
1029,572
1030,572
1031,573
1032,573
1033,574
1034,574
1035,575
1036,576
1037,577
1038,577
1039,578
1040,579
1041,580
1042,580
1043,580
1044,581
1045,581
1046,581
1047,581
1048,582
1049,582
1050,583
1051,583
1052,583
1053,584
1054,584
1055,585
1056,585
1057,586
1058,586
1059,586
1060,586
1061,587
1062,588
1063,589
1064,589
1065,590
1066,590
1067,590
1068,590
1069,591
1070,592
1071,593
1072,594
1073,595
1074,595
1075,595
1076,595
1077,596
1078,597
1079,597
1080,597
1081,597
1082,598
1083,598
1084,598
1085,598
1086,599
1087,600
1088,600
1089,601
1090,601
1091,601
1092,601
1093,602
1094,603
1095,603
1096,603
1097,604
1098,604
1099,604
1100,605
1101,606
1102,607
1103,607
1104,607
1105,607
1106,608
1107,609
1108,609
1109,609
1110,610
1111,611
1112,612
1113,612
1114,613
1115,614
1116,614
1117,614
1118,614
1119,615
1120,616
1121,616
1122,616
1123,617
1124,618
1125,619
1126,619
1127,619
1128,619
1129,620
1130,621
1131,622
1132,622
1133,622
1134,622
1135,623
1136,624
1137,625
1138,626
1139,626
1140,626
1141,627
1142,628
1143,628
1144,628
1145,628
1146,629
1147,629
1148,629
1149,629
1150,630
1151,631
1152,631
1153,631
1154,632
1155,632
1156,632
1157,632
1158,633
1159,634
1160,635
1161,636
1162,637
1163,638
1164,638
1165,638
1166,638
1167,639
1168,640
1169,641
1170,642
1171,643
1172,643
1173,643
1174,643
1175,644
1176,645
1177,646
1178,646
1179,647
1180,647
1181,648
1182,649
1183,650
1184,650
1185,650
1186,651
1187,652
1188,652
1189,652
1190,653
1191,654
1192,654
1193,655
1194,656
1195,656
1196,657
1197,657
1198,657
1199,657
1200,658
1201,658
1202,659
1203,660
1204,660
1205,660
1206,660
1207,661
1208,661
1209,662
1210,663
1211,663
1212,663
1213,664
1214,665
1215,666
1216,666
1217,666
1218,667
1219,668
1220,669
1221,670
1222,671
1223,671
1224,671
1225,671
1226,672
1227,672
1228,672
1229,672
1230,673
1231,673
1232,673
1233,673
1234,674
1235,675
1236,676
1237,677
1238,677
1239,678
1240,679
1241,679
1242,680
1243,680
1244,680
1245,681
1246,682
1247,682
1248,682
1249,682
1250,683
1251,684
1252,685
1253,685
1254,686
1255,687
1256,687
1257,687
1258,687
1259,688
1260,688
1261,688
1262,689
1263,690
1264,691
1265,691
1266,692
1267,693
1268,694
1269,695
1270,695
1271,695
1272,695
1273,696
1274,697
1275,697
1276,698
1277,698
1278,698
1279,698
1280,699
1281,699
1282,700
1283,700
1284,700
1285,700
1286,701
1287,701
1288,701
1289,702
1290,702
1291,702
1292,702
1293,703
1294,704
1295,704
1296,705
1297,705
1298,705
1299,705
1300,706
1301,707
1302,708
1303,709
1304,709
1305,710
1306,710
1307,710
1308,711
1309,711
1310,711
1311,712
1312,712
1313,712
1314,712
1315,713
1316,714
1317,715
1318,715
1319,716
1320,716
1321,717
1322,718
1323,718
1324,719
1325,720
1326,721
1327,721
1328,721
1329,722
1330,723
1331,723
1332,723
1333,724
1334,724
1335,724
1336,725
1337,726
1338,727
1339,727
1340,728
1341,729
1342,729
1343,730
1344,730
1345,731
1346,732
1347,732
1348,732
1349,732
1350,733
1351,733
1352,733
1353,734
1354,735
1355,736
1356,737
1357,737
1358,737
1359,738
1360,738
1361,738
1362,739
1363,740
1364,740
1365,740
1366,740
1367,741
1368,742
1369,743
1370,744
1371,745
1372,746
1373,746
1374,746
1375,746
1376,747
1377,748
1378,749
1379,750
1380,751
1381,751
1382,751
1383,751
1384,752
1385,753
1386,753
1387,754
1388,754
1389,754
1390,755
1391,756
1392,757
1393,758
1394,759
1395,759
1396,759
1397,760
1398,760
1399,760
1400,761
1401,762
1402,763
1403,764
1404,764
1405,764
1406,764
1407,765
1408,765
1409,766
1410,767
1411,767
1412,768
1413,769
1414,770
1415,771
1416,772
1417,773
1418,774
1419,775
1420,776
1421,777
1422,778
1423,779
1424,780
1425,780
1426,780
1427,780
1428,781
1429,782
1430,783
1431,783
1432,784
1433,785
1434,785
1435,785
1436,785
1437,786
1438,787
1439,788
1440,789
1441,789
1442,789
1443,789
1444,790
1445,791
1446,791
1447,791
1448,791
1449,792
1450,792
1451,792
1452,793
1453,794
1454,795
1455,795
1456,795
1457,796
1458,797
1459,798
1460,798
1461,799
1462,799
1463,799
1464,800
1465,800
1466,800
1467,801
1468,802
1469,803
1470,804
1471,805
1472,806
1473,807
1474,808
1475,809
1476,810
1477,811
1478,811
1479,811
1480,812
1481,812
1482,812
1483,813
1484,814
1485,815
1486,816
1487,816
1488,816
1489,817
1490,817
1491,818
1492,819
1493,820
1494,821
1495,821
1496,821
1497,822
1498,823
1499,824
1500,824
1501,824
1502,824
1503,825
1504,826
1505,827
1506,828
1507,828
1508,828
1509,829
1510,830
1511,831
1512,832
1513,833
1514,834
1515,835
1516,835
1517,835
1518,835
1519,836
1520,836
1521,836
1522,837
1523,837
1524,837
1525,838
1526,839
1527,840
1528,841
1529,842
1530,843
1531,844
1532,844
1533,844
1534,844
1535,845
1536,846
1537,847
1538,848
1539,848
1540,848
1541,849
1542,849
1543,849
1544,850
1545,850
1546,850
1547,850
1548,851
1549,852
1550,852
1551,853
1552,854
1553,854
1554,854
1555,854
1556,855
1557,855
1558,856
1559,857
1560,858
1561,859
1562,860
1563,860
1564,860
1565,861
1566,861
1567,861
1568,862
1569,862
1570,862
1571,862
1572,863
1573,863
1574,864
1575,864
1576,864
1577,865
1578,866
1579,867
1580,868
1581,869
1582,870
1583,871
1584,872
1585,873
1586,874
1587,875
1588,876
1589,877
1590,878
1591,878
1592,878
1593,879
1594,879
1595,879
1596,879
1597,880
1598,880
1599,880
1600,881
1601,882
1602,882
1603,883
1604,884
1605,884
1606,885
1607,885
1608,885
1609,885
1610,886
1611,886
1612,886
1613,886
1614,887
1615,888
1616,889
1617,889
1618,889
1619,889
1620,890
1621,891
1622,892
1623,893
1624,894
1625,894
1626,894
1627,895
1628,896
1629,896
1630,896
1631,897
1632,897
1633,898
1634,899
1635,899
1636,899
1637,900
1638,900
1639,900
1640,900
1641,901
1642,901
1643,901
1644,901
1645,902
1646,903
1647,904
1648,904
1649,904
1650,904
1651,905
1652,906
1653,907
1654,908
1655,909
1656,910
1657,911
1658,912
1659,913
1660,913
1661,913
1662,914
1663,914
1664,915
1665,915
1666,915
1667,916
1668,917
1669,917
1670,918
1671,918
1672,918
1673,918
1674,919
1675,920
1676,921
1677,922
1678,922
1679,922
1680,923
1681,924
1682,925
1683,925
1684,926
1685,927
1686,928
1687,928
1688,928
1689,929
1690,930
1691,930
1692,930
1693,931
1694,931
1695,931
1696,932
1697,933
1698,933
1699,933
1700,934
1701,935
1702,936
1703,936
1704,937
1705,938
1706,938
1707,938
1708,939
1709,940
1710,941
1711,942
1712,942
1713,943
1714,944
1715,945
1716,945
1717,945
1718,945
1719,946
1720,947
1721,948
1722,949
1723,949
1724,949
1725,949
1726,950
1727,950
1728,950
1729,950
1730,951
1731,951
1732,951
1733,951
1734,952
1735,953
1736,953
1737,953
1738,953
1739,954
1740,955
1741,956
1742,957
1743,957
1744,958
1745,958
1746,958
1747,958
1748,959
1749,960
1750,961
1751,961
1752,962
1753,963
1754,963
1755,963
1756,963
1757,964
1758,964
1759,964
1760,965
1761,965
1762,966
1763,967
1764,967
1765,968
1766,969
1767,969
1768,969
1769,970
1770,971
1771,972
1772,973
1773,974
1774,974
1775,974
1776,975
1777,976
1778,977
1779,978
1780,978
1781,978
1782,978
1783,979
1784,979
1785,979
1786,980
1787,981
1788,981
1789,981
1790,981
1791,982
1792,983
1793,983
1794,983
1795,983
1796,984
1797,985
1798,986
1799,986
1800,986
1801,987
1802,988
1803,989
1804,989
1805,990
1806,991
1807,991
1808,992
1809,992
1810,992
1811,992
1812,993
1813,993
1814,993
1815,993
1816,994
1817,995
1818,995
1819,995
1820,995
1821,996
1822,996
1823,996
1824,996
1825,997
1826,997
1827,997
1828,998
1829,998
1830,998
1831,999
1832,999
1833,999
1834,999
1835,1000
1836,1001
1837,1002
1838,1002
1839,1002
1840,1003
1841,1004
1842,1005
1843,1006
1844,1007
1845,1008
1846,1008
1847,1008
1848,1009
1849,1010
1850,1011
1851,1012
1852,1013
1853,1013
1854,1014
1855,1014
1856,1014
1857,1014
1858,1015
1859,1015
1860,1015
1861,1016
1862,1017
1863,1017
1864,1018
1865,1019
1866,1019
1867,1019
1868,1020
1869,1021
1870,1021
1871,1022
1872,1023
1873,1023
1874,1023
1875,1024
1876,1025
1877,1026
1878,1026
1879,1026
1880,1027
1881,1028
1882,1029
1883,1030
1884,1030
1885,1030
1886,1031
1887,1032
1888,1033
1889,1034
1890,1035
1891,1036
1892,1037
1893,1037
1894,1038
1895,1038
1896,1038
1897,1039
1898,1040
1899,1040
1900,1041
1901,1041
1902,1042
1903,1043
1904,1044
1905,1045
1906,1046
1907,1047
1908,1047
1909,1047
1910,1047
1911,1048
1912,1048
1913,1049
1914,1050
1915,1051
1916,1052
1917,1053
1918,1054
1919,1055
1920,1056
1921,1056
1922,1057
1923,1058
1924,1058
1925,1058
1926,1058
1927,1059
1928,1059
1929,1059
1930,1060
1931,1061
1932,1061
1933,1061
1934,1062
1935,1063
1936,1063
1937,1063
1938,1063
1939,1064
1940,1065
1941,1066
1942,1066
1943,1067
1944,1067
1945,1067
1946,1068
1947,1068
1948,1069
1949,1070
1950,1071
1951,1071
1952,1072
1953,1073
1954,1074
1955,1075
1956,1076
1957,1076
1958,1076
1959,1077
1960,1078
1961,1079
1962,1079
1963,1080
1964,1081
1965,1082
1966,1082
1967,1083
1968,1084
1969,1085
1970,1086
1971,1087
1972,1087
1973,1088
1974,1088
1975,1088
1976,1088
1977,1089
1978,1090
1979,1091
1980,1092
1981,1092
1982,1093
1983,1094
1984,1095
1985,1096
1986,1097
1987,1098
1988,1099
1989,1100
1990,1100
1991,1100
1992,1101
1993,1101
1994,1101
1995,1102
1996,1103
1997,1104
1998,1105
1999,1105
2000,1105
2001,1105
2002,1106
2003,1107
2004,1107
2005,1108
2006,1109
2007,1110
2008,1111
2009,1111
2010,1111
2011,1112
2012,1113
2013,1114
2014,1115
2015,1116
2016,1116
2017,1116
2018,1117
2019,1118
2020,1118
2021,1119
2022,1120
2023,1121
2024,1122
2025,1123
2026,1124
2027,1124
2028,1124
2029,1125
2030,1126
2031,1126
2032,1126
2033,1126
2034,1127
2035,1128
2036,1128
2037,1129
2038,1130
2039,1131
2040,1131
2041,1132
2042,1133
2043,1133
2044,1133
2045,1133
2046,1134
2047,1134
2048,1135
2049,1135
2050,1135
2051,1136
2052,1137
2053,1137
2054,1137
2055,1138
2056,1138
2057,1139
2058,1139
2059,1139
2060,1140
2061,1141
2062,1141
2063,1141
2064,1142
2065,1143
2066,1144
2067,1144
2068,1144
2069,1144
2070,1145
2071,1146
2072,1146
2073,1147
2074,1148
2075,1148
2076,1148
2077,1148
2078,1149
2079,1150
2080,1150
2081,1150
2082,1150
2083,1151
2084,1152
2085,1153
2086,1154
2087,1155
2088,1156
2089,1157
2090,1157
2091,1157
2092,1157
2093,1158
2094,1159
2095,1159
2096,1159
2097,1159
2098,1160
2099,1161
2100,1162
2101,1162
2102,1163
2103,1163
2104,1164
2105,1165
2106,1166
2107,1166
2108,1166
2109,1166
2110,1167
2111,1168
2112,1168
2113,1169
2114,1169
2115,1169
2116,1169
2117,1170
2118,1170
2119,1170
2120,1171
2121,1172
2122,1172
2123,1172
2124,1172
2125,1173
2126,1174
2127,1174
2128,1175
2129,1176
2130,1177
2131,1177
2132,1177
2133,1177
2134,1178
2135,1179
2136,1180
2137,1181
2138,1182
2139,1183
2140,1183
2141,1183
2142,1184
2143,1184
2144,1184
2145,1185
2146,1186
2147,1187
2148,1187
2149,1187
2150,1188
2151,1189
2152,1189
2153,1189
2154,1189
2155,1190
2156,1191
2157,1192
2158,1192
2159,1192
2160,1193
2161,1193
2162,1193
2163,1193
2164,1194
2165,1195
2166,1196
2167,1196
2168,1197
2169,1198
2170,1198
2171,1199
2172,1199
2173,1199
2174,1200
2175,1200
2176,1200
2177,1201
2178,1201
2179,1201
2180,1201
2181,1202
2182,1202
2183,1202
2184,1203
2185,1204
2186,1205
2187,1206
2188,1206
2189,1206
2190,1207
2191,1207
2192,1207
2193,1207
2194,1208
2195,1209
2196,1210
2197,1211
2198,1212
2199,1212
2200,1212
2201,1212
2202,1213
2203,1214
2204,1215
2205,1216
2206,1217
2207,1218
2208,1219
2209,1220
2210,1221
2211,1221
2212,1222
2213,1222
2214,1223
2215,1224
2216,1225
2217,1226
2218,1226
2219,1226
2220,1226
2221,1227
2222,1228
2223,1228
2224,1229
2225,1230
2226,1231
2227,1231
2228,1231
2229,1231
2230,1232
2231,1233
2232,1234
2233,1234
2234,1234
2235,1235
2236,1236
2237,1237
2238,1237
2239,1238
2240,1239
2241,1239
2242,1239
2243,1239
2244,1240
2245,1241
2246,1242
2247,1243
2248,1243
2249,1243
2250,1244
2251,1245
2252,1245
2253,1245
2254,1246
2255,1247
2256,1248
2257,1249
2258,1249
2259,1250
2260,1251
2261,1251
2262,1252
2263,1252
2264,1253
2265,1254
2266,1254
2267,1254
2268,1255
2269,1255
2270,1255
2271,1255
2272,1256
2273,1257
2274,1257
2275,1258
2276,1258
2277,1259
2278,1260
2279,1260
2280,1261
2281,1262
2282,1263
2283,1263
2284,1264
2285,1264
2286,1264
2287,1264
2288,1265
2289,1266
2290,1266
2291,1266
2292,1267
2293,1268
2294,1269
2295,1269
2296,1269
2297,1269
2298,1270
2299,1270
2300,1270
2301,1270
2302,1271
2303,1272
2304,1272
2305,1272
2306,1273
2307,1274
2308,1275
2309,1275
2310,1275
2311,1275
2312,1276
2313,1277
2314,1278
2315,1279
2316,1280
2317,1281
2318,1281
2319,1282
2320,1283
2321,1284
2322,1285
2323,1285
2324,1285
2325,1286
2326,1287
2327,1287
2328,1287
2329,1287
2330,1288
2331,1289
2332,1289
2333,1289
2334,1289
2335,1290
2336,1290
2337,1290
2338,1290
2339,1291
2340,1292
2341,1293
2342,1294
2343,1295
2344,1295
2345,1295
2346,1295
2347,1296
2348,1296
2349,1296
2350,1297
2351,1297
2352,1297
2353,1297
2354,1298
2355,1299
2356,1300
2357,1300
2358,1300
2359,1300
2360,1301
2361,1301
2362,1302
2363,1303
2364,1304
2365,1305
2366,1305
2367,1305
2368,1305
2369,1306
2370,1306
2371,1307
2372,1307
2373,1308
2374,1309
2375,1309
2376,1309
2377,1309
2378,1310
2379,1310
2380,1310
2381,1311
2382,1312
2383,1313
2384,1313
2385,1313
2386,1313
2387,1314
2388,1315
2389,1316
2390,1316
2391,1316
2392,1316
2393,1317
2394,1318
2395,1319
2396,1320
2397,1321
2398,1321
2399,1321
2400,1321
2401,1322
2402,1323
2403,1324
2404,1325
2405,1325
2406,1325
2407,1325
2408,1326
2409,1327
2410,1328
2411,1328
2412,1328
2413,1329
2414,1330
2415,1331
2416,1332
2417,1333
2418,1334
2419,1334
2420,1334
2421,1334
2422,1335
2423,1336
2424,1337
2425,1338
2426,1339
2427,1340
2428,1341
2429,1342
2430,1343
2431,1344
2432,1345
2433,1346
2434,1347
2435,1348
2436,1349
2437,1350
2438,1351
2439,1352
2440,1353
2441,1354
2442,1355
2443,1355
2444,1355
2445,1356
2446,1357
2447,1357
2448,1358
2449,1359
2450,1360
2451,1360
2452,1360
2453,1360
2454,1361
2455,1362
2456,1362
2457,1363
2458,1364
2459,1364
2460,1365
2461,1366
2462,1367
2463,1367
2464,1368
2465,1368
2466,1369
2467,1370
2468,1371
2469,1372
2470,1373
2471,1374
2472,1375
2473,1375
2474,1376
2475,1377
2476,1377
2477,1377
2478,1378
2479,1378
2480,1378
2481,1379
2482,1380
2483,1381
2484,1382
2485,1382
2486,1383
2487,1384
2488,1385
2489,1385
2490,1386
2491,1387
2492,1388
2493,1389
2494,1390
2495,1391
2496,1391
2497,1391
2498,1392
2499,1392
2500,1393
2501,1393
2502,1394
2503,1395
2504,1395
2505,1395
2506,1395
2507,1396
2508,1396
2509,1397
2510,1398
2511,1399
2512,1400
2513,1401
2514,1401
2515,1401
2516,1402
2517,1402
2518,1403
2519,1404
2520,1405
2521,1405
2522,1405
2523,1405
2524,1406
2525,1407
2526,1407
2527,1407
2528,1407
2529,1408
2530,1409
2531,1409
2532,1409
2533,1409
2534,1410
2535,1410
2536,1410
2537,1410
2538,1411
2539,1412
2540,1412
2541,1412
2542,1412
2543,1413
2544,1413
2545,1413
2546,1413
2547,1414
2548,1415
2549,1416
2550,1417
2551,1418
2552,1419
2553,1419
2554,1419
2555,1420
2556,1420
2557,1421
2558,1422
2559,1422
2560,1423
2561,1424
2562,1425
2563,1425
2564,1425
2565,1425
2566,1426
2567,1426
2568,1426
2569,1426
2570,1427
2571,1428
2572,1429
2573,1429
2574,1430
2575,1430
2576,1430
2577,1431
2578,1432
2579,1433
2580,1434
2581,1435
2582,1435
2583,1435
2584,1435
2585,1436
2586,1437
2587,1437
2588,1438
2589,1439
2590,1439
2591,1440
2592,1441
2593,1441
2594,1441
2595,1442
2596,1442
2597,1443
2598,1444
2599,1445
2600,1445
2601,1445
2602,1446
2603,1447
2604,1447
2605,1447
2606,1447
2607,1448
2608,1449
2609,1449
2610,1450
2611,1451
2612,1452
2613,1453
2614,1453
2615,1453
2616,1453
2617,1454
2618,1455
2619,1456
2620,1456
2621,1456
2622,1456
2623,1457
2624,1457
2625,1457
2626,1458
2627,1459
2628,1460
2629,1461
2630,1462
2631,1462
2632,1462
2633,1463
2634,1464
2635,1465
2636,1466
2637,1467
2638,1468
2639,1468
2640,1468
2641,1468
2642,1469
2643,1470
2644,1471
2645,1471
2646,1471
2647,1471
2648,1472
2649,1473
2650,1474
2651,1475
2652,1476
2653,1477
2654,1478
2655,1479
2656,1480
2657,1481
2658,1482
2659,1483
2660,1484
2661,1485
2662,1485
2663,1485
2664,1486
2665,1486
2666,1486
2667,1486
2668,1487
2669,1487
2670,1488
2671,1489
2672,1490
2673,1491
2674,1492
2675,1492
2676,1492
2677,1493
2678,1494
2679,1495
2680,1496
2681,1496
2682,1496
2683,1497
2684,1498
2685,1498
2686,1498
2687,1498
2688,1499
2689,1499
2690,1499
2691,1500
2692,1501
2693,1502
2694,1503
2695,1503
2696,1503
2697,1503
2698,1504
2699,1504
2700,1504
2701,1505
2702,1506
2703,1507
2704,1507
2705,1507
2706,1507
2707,1508
2708,1509
2709,1510
2710,1510
2711,1510
2712,1511
2713,1512
2714,1513
2715,1513
2716,1513
2717,1513
2718,1514
2719,1514
2720,1515
2721,1516
2722,1517
2723,1517
2724,1517
2725,1518
2726,1519
2727,1520
2728,1521
2729,1522
2730,1523
2731,1524
2732,1525
2733,1526
2734,1527
2735,1528
2736,1529
2737,1530
2738,1531
2739,1532
2740,1533
2741,1534
2742,1534
2743,1535
2744,1536
2745,1537
2746,1538
2747,1539
2748,1539
2749,1539
2750,1540
2751,1540
2752,1540
2753,1540
2754,1541
2755,1542
2756,1542
2757,1543
2758,1543
2759,1544
2760,1544
2761,1545
2762,1546
2763,1547
2764,1547
2765,1547
2766,1548
2767,1549
2768,1549
2769,1550
2770,1551
2771,1552
2772,1553
2773,1554
2774,1554
2775,1554
2776,1554
2777,1555
2778,1555
2779,1555
2780,1555
2781,1556
2782,1556
2783,1556
2784,1556
2785,1557
2786,1557
2787,1557
2788,1558
2789,1559
2790,1559
2791,1559
2792,1559
2793,1560
2794,1561
2795,1561
2796,1561
2797,1562
2798,1562
2799,1563
2800,1564
2801,1565
2802,1565
2803,1565
2804,1565
2805,1566
2806,1567
2807,1568
2808,1568
2809,1568
2810,1569
2811,1570
2812,1571
2813,1572
2814,1573
2815,1574
2816,1575
2817,1576
2818,1577
2819,1578
2820,1579
2821,1579
2822,1579
2823,1579
2824,1580
2825,1580
2826,1580
2827,1580
2828,1581
2829,1582
2830,1583
2831,1583
2832,1583
2833,1583
2834,1584
2835,1584
2836,1584
2837,1584
2838,1585
2839,1586
2840,1587
2841,1588
2842,1588
2843,1588
2844,1588
2845,1589
2846,1590
2847,1591
2848,1592
2849,1593
2850,1594
2851,1595
2852,1596
2853,1596
2854,1597
2855,1598
2856,1599
2857,1600
2858,1600
2859,1601
2860,1602
2861,1603
2862,1604
2863,1605
2864,1605
2865,1606
2866,1607
2867,1608
2868,1608
2869,1609
2870,1610
2871,1611
2872,1611
2873,1611
2874,1612
2875,1613
2876,1614
2877,1614
2878,1614
2879,1615
2880,1616
2881,1616
2882,1617
2883,1618
2884,1618
2885,1619
2886,1620
2887,1621
2888,1622
2889,1623
2890,1623
2891,1623
2892,1623
2893,1624
2894,1625
2895,1625
2896,1626
2897,1627
2898,1627
2899,1627
2900,1627
2901,1628
2902,1629
2903,1629
2904,1629
2905,1629
2906,1630
2907,1631
2908,1632
2909,1633
2910,1633
2911,1633
2912,1633
2913,1634
2914,1634
2915,1635
2916,1635
2917,1636
2918,1637
2919,1638
2920,1638
2921,1639
2922,1640
2923,1640
2924,1640
2925,1641
2926,1642
2927,1643
2928,1644
2929,1645
2930,1646
2931,1646
2932,1647
2933,1648
2934,1648
2935,1648
2936,1648
2937,1649
2938,1649
2939,1649
2940,1650
2941,1651
2942,1652
2943,1653
2944,1654
2945,1655
2946,1655
2947,1655
2948,1656
2949,1657
2950,1657
2951,1657
2952,1657
2953,1658
2954,1659
2955,1660
2956,1660
2957,1660
2958,1661
2959,1661
2960,1662
2961,1663
2962,1664
2963,1664
2964,1665
2965,1665
2966,1666
2967,1667
2968,1668
2969,1668
2970,1669
2971,1670
2972,1670
2973,1670
2974,1671
2975,1672
2976,1672
2977,1672
2978,1672
2979,1673
2980,1673
2981,1673
2982,1674
2983,1674
2984,1674
2985,1675
2986,1675
2987,1675
2988,1676
2989,1676
2990,1677
2991,1678
2992,1678
2993,1678
2994,1678
2995,1679
2996,1680
2997,1681
2998,1681
2999,1681
3000,1682
3001,1683
3002,1684
3003,1685
3004,1685
3005,1685
3006,1685
3007,1686
3008,1686
3009,1687
3010,1688
3011,1688
3012,1689
3013,1690
3014,1691
3015,1691
3016,1692
3017,1693
3018,1694
3019,1695
3020,1695
3021,1696
3022,1697
3023,1698
3024,1699
3025,1700
3026,1701
3027,1702
3028,1702
3029,1702
3030,1702
3031,1703
3032,1704
3033,1705
3034,1706
3035,1706
3036,1706
3037,1706
3038,1707
3039,1708
3040,1709
3041,1710
3042,1711
3043,1712
3044,1712
3045,1712
3046,1713
3047,1714
3048,1714
3049,1714
3050,1715
3051,1716
3052,1717
3053,1718
3054,1718
3055,1718
3056,1719
3057,1720
3058,1721
3059,1722
3060,1723
3061,1723
3062,1723
3063,1724
3064,1725
3065,1726
3066,1726
3067,1726
3068,1727
3069,1727
3070,1727
3071,1727
3072,1728
3073,1728
3074,1728
3075,1729
3076,1729
3077,1730
3078,1730
3079,1730
3080,1730
3081,1731
3082,1731
3083,1731
3084,1732
3085,1733
3086,1734
3087,1735
3088,1736
3089,1737
3090,1738
3091,1739
3092,1740
3093,1741
3094,1741
3095,1741
3096,1741
3097,1742
3098,1743
3099,1744
3100,1745
3101,1746
3102,1747
3103,1748
3104,1749
3105,1749
3106,1750
3107,1751
3108,1751
3109,1751
3110,1752
3111,1752
3112,1752
3113,1753
3114,1754
3115,1755
3116,1755
3117,1755
3118,1755
3119,1756
3120,1757
3121,1758
3122,1759
3123,1760
3124,1761
3125,1761
3126,1762
3127,1763
3128,1764
3129,1764
3130,1764
3131,1765
3132,1766
3133,1767
3134,1767
3135,1768
3136,1769
3137,1769
3138,1769
3139,1770
3140,1771
3141,1772
3142,1773
3143,1774
3144,1775
3145,1776
3146,1777
3147,1778
3148,1778
3149,1778
3150,1779
3151,1779
3152,1779
3153,1780
3154,1780
3155,1780
3156,1780
3157,1781
3158,1782
3159,1783
3160,1784
3161,1785
3162,1786
3163,1786
3164,1786
3165,1786
3166,1787
3167,1788
3168,1788
3169,1788
3170,1788
3171,1789
3172,1789
3173,1790
3174,1790
3175,1790
3176,1790
3177,1791
3178,1792
3179,1793
3180,1793
3181,1793
3182,1793
3183,1794
3184,1794
3185,1794
3186,1794
3187,1795
3188,1796
3189,1797
3190,1798
3191,1799
3192,1799
3193,1799
3194,1800
3195,1801
3196,1802
3197,1803
3198,1804
3199,1805
3200,1806
3201,1806
3202,1807
3203,1808
3204,1809
3205,1810
3206,1811
3207,1811
3208,1811
3209,1811
3210,1812
3211,1813
3212,1813
3213,1813
3214,1813
3215,1814
3216,1815
3217,1815
3218,1815
3219,1815
3220,1816
3221,1817
3222,1818
3223,1818
3224,1819
3225,1820
3226,1821
3227,1822
3228,1823
3229,1824
3230,1824
3231,1824
3232,1825
3233,1826
3234,1827
3235,1828
3236,1828
3237,1828
3238,1828
3239,1829
3240,1830
3241,1831
3242,1832
3243,1833
3244,1833
3245,1833
3246,1834
3247,1835
3248,1835
3249,1835
3250,1835
3251,1836
3252,1837
3253,1837
3254,1837
3255,1837
3256,1838
3257,1839
3258,1839
3259,1839
3260,1840
3261,1840
3262,1841
3263,1842
3264,1842
3265,1843
3266,1844
3267,1845
3268,1846
3269,1847
3270,1848
3271,1849
3272,1850
3273,1850
3274,1850
3275,1850
3276,1851
3277,1852
3278,1853
3279,1853
3280,1854
3281,1855
3282,1855
3283,1855
3284,1855
3285,1856
3286,1856
3287,1857
3288,1857
3289,1857
3290,1857
3291,1858
3292,1858
3293,1859
3294,1860
3295,1860
3296,1860
3297,1860
3298,1861
3299,1862
3300,1863
3301,1864
3302,1865
3303,1865
3304,1865
3305,1865
3306,1866
3307,1866
3308,1866
3309,1867
3310,1867
3311,1867
3312,1867
3313,1868
3314,1869
3315,1870
3316,1870
3317,1870
3318,1870
3319,1871
3320,1871
3321,1871
3322,1872
3323,1873
3324,1873
3325,1874
3326,1875
3327,1875
3328,1875
3329,1876
3330,1876
3331,1876
3332,1877
3333,1878
3334,1879
3335,1880
3336,1881
3337,1882
3338,1882
3339,1882
3340,1883
3341,1884
3342,1885
3343,1886
3344,1887
3345,1888
3346,1888
3347,1888
3348,1889
3349,1890
3350,1891
3351,1892
3352,1893
3353,1893
3354,1894
3355,1895
3356,1895
3357,1895
3358,1896
3359,1897
3360,1898
3361,1898
3362,1898
3363,1899
3364,1899
3365,1899
3366,1900
3367,1900
3368,1900
3369,1901
3370,1902
3371,1903
3372,1903
3373,1903
3374,1903
3375,1904
3376,1904
3377,1904
3378,1905
3379,1906
3380,1907
3381,1908
3382,1909
3383,1910
3384,1910
3385,1911
3386,1912
3387,1913
3388,1914
3389,1915
3390,1915
3391,1915
3392,1915
3393,1916
3394,1916
3395,1916
3396,1917
3397,1917
3398,1917
3399,1917
3400,1918
3401,1919
3402,1920
3403,1921
3404,1921
3405,1922
3406,1922
3407,1922
3408,1922
3409,1923
3410,1923
3411,1924
3412,1925
3413,1925
3414,1925
3415,1925
3416,1926
3417,1926
3418,1927
3419,1928
3420,1928
3421,1928
3422,1929
3423,1929
3424,1930
3425,1930
3426,1931
3427,1931
3428,1932
3429,1932
3430,1933
3431,1933
3432,1933
3433,1933
3434,1934
3435,1935
3436,1936
3437,1936
3438,1937
3439,1937
3440,1938
3441,1939
3442,1940
3443,1940
3444,1940
3445,1941
3446,1942
3447,1942
3448,1943
3449,1944
3450,1945
3451,1946
3452,1947
3453,1948
3454,1949
3455,1950
3456,1951
3457,1952
3458,1953
3459,1954
3460,1955
3461,1956
3462,1957
3463,1958
3464,1958
3465,1958
3466,1959
3467,1959
3468,1959
3469,1959
3470,1960
3471,1961
3472,1962
3473,1963
3474,1963
3475,1963
3476,1964
3477,1965
3478,1965
3479,1965
3480,1966
3481,1967
3482,1968
3483,1969
3484,1970
3485,1970
3486,1970
3487,1971
3488,1972
3489,1972
3490,1973
3491,1973
3492,1973
3493,1974
3494,1975
3495,1975
3496,1975
3497,1975
3498,1976
3499,1977
3500,1977
3501,1977
3502,1978
3503,1979
3504,1980
3505,1981
3506,1981
3507,1982
3508,1983
3509,1983
3510,1984
3511,1985
3512,1985
3513,1985
3514,1985
3515,1986
3516,1986
3517,1986
3518,1987
3519,1988
3520,1988
3521,1989
3522,1989
3523,1989
3524,1990
3525,1991
3526,1992
3527,1992
3528,1992
3529,1993
3530,1994
3531,1995
3532,1995
3533,1995
3534,1996
3535,1997
3536,1998
3537,1998
3538,1998
3539,1999
3540,2000
3541,2001
3542,2001
3543,2001
3544,2002
3545,2003
3546,2004
3547,2005
3548,2005
3549,2005
3550,2005
3551,2006
3552,2007
3553,2008
3554,2009
3555,2010
3556,2010
3557,2010
3558,2011
3559,2012
3560,2013
3561,2013
3562,2013
3563,2013
3564,2014
3565,2014
3566,2015
3567,2016
3568,2016
3569,2016
3570,2017
3571,2018
3572,2018
3573,2018
3574,2019
3575,2020
3576,2021
3577,2022
3578,2022
3579,2022
3580,2023
3581,2024
3582,2025
3583,2026
3584,2026
3585,2027
3586,2027
3587,2028
3588,2028
3589,2028
3590,2029
3591,2030
3592,2031
3593,2031
3594,2031
3595,2031
3596,2032
3597,2033
3598,2033
3599,2033
3600,2033
3601,2034
3602,2035
3603,2036
3604,2036
3605,2036
3606,2036
3607,2037
3608,2037
3609,2037
3610,2037
3611,2038
3612,2039
3613,2040
3614,2040
3615,2040
3616,2040
3617,2041
3618,2042
3619,2043
3620,2043
3621,2044
3622,2044
3623,2044
3624,2045
3625,2046
3626,2047
3627,2048
3628,2049
3629,2050
3630,2051
3631,2052
3632,2053
3633,2054
3634,2055
3635,2056
3636,2056
3637,2057
3638,2057
3639,2057
3640,2058
3641,2058
3642,2058
3643,2059
3644,2059
3645,2060
3646,2060
3647,2061
3648,2062
3649,2062
3650,2062
3651,2063
3652,2064
3653,2065
3654,2065
3655,2065
3656,2065
3657,2066
3658,2067
3659,2068
3660,2068
3661,2068
3662,2068
3663,2069
3664,2069
3665,2070
3666,2070
3667,2070
3668,2070
3669,2071
3670,2072
3671,2072
3672,2072
3673,2073
3674,2074
3675,2075
3676,2075
3677,2075
3678,2075
3679,2076
3680,2077
3681,2078
3682,2078
3683,2079
3684,2080
3685,2080
3686,2080
3687,2080
3688,2081
3689,2081
3690,2081
3691,2081
3692,2082
3693,2082
3694,2083
3695,2084
3696,2084
3697,2084
3698,2084
3699,2085
3700,2086
3701,2086
3702,2086
3703,2086
3704,2087
3705,2087
3706,2087
3707,2088
3708,2088
3709,2088
3710,2088
3711,2089
3712,2090
3713,2090
3714,2090
3715,2091
3716,2092
3717,2092
3718,2092
3719,2093
3720,2093
3721,2093
3722,2094
3723,2094
3724,2094
3725,2094
3726,2095
3727,2095
3728,2095
3729,2095
3730,2096
3731,2097
3732,2098
3733,2099
3734,2099
3735,2099
3736,2099
3737,2100
3738,2101
3739,2102
3740,2102
3741,2102
3742,2102
3743,2103
3744,2104
3745,2104
3746,2104
3747,2104
3748,2105
3749,2105
3750,2105
3751,2105
3752,2106
3753,2107
3754,2107
3755,2107
3756,2108
3757,2108
3758,2108
3759,2109
3760,2110
3761,2110
3762,2110
3763,2110
3764,2111
3765,2111
3766,2112
3767,2113
3768,2113
3769,2113
3770,2113
3771,2114
3772,2115
3773,2115
3774,2116
3775,2117
3776,2118
3777,2119
3778,2119
3779,2119
3780,2119
3781,2120
3782,2121
3783,2122
3784,2123
3785,2124
3786,2125
3787,2125
3788,2126
3789,2127
3790,2127
3791,2127
3792,2128
3793,2129
3794,2130
3795,2130
3796,2131
3797,2132
3798,2132
3799,2132
3800,2133
3801,2133
3802,2133
3803,2133
3804,2134
3805,2135
3806,2135
3807,2135
3808,2135
3809,2136
3810,2137
3811,2137
3812,2137
3813,2138
3814,2138
3815,2139
3816,2139
3817,2139
3818,2139
3819,2140
3820,2141
3821,2141
3822,2141
3823,2141
3824,2142
3825,2143
3826,2143
3827,2143
3828,2143
3829,2144
3830,2145
3831,2145
3832,2146
3833,2146
3834,2146
3835,2146
3836,2147
3837,2147
3838,2148
3839,2148
3840,2148
3841,2149
3842,2150
3843,2150
3844,2150
3845,2151
3846,2151
3847,2152
3848,2152
3849,2153
3850,2154
3851,2155
3852,2156
3853,2157
3854,2158
3855,2158
3856,2158
3857,2159
3858,2160
3859,2161
3860,2162
3861,2162
3862,2162
3863,2163
3864,2163
3865,2163
3866,2163
3867,2164
3868,2164
3869,2165
3870,2166
3871,2166
3872,2167
3873,2167
3874,2168
3875,2169
3876,2170
3877,2170
3878,2170
3879,2170
3880,2171
3881,2172
3882,2173
3883,2173
3884,2174
3885,2174
3886,2174
3887,2175
3888,2175
3889,2175
3890,2175
3891,2176
3892,2176
3893,2177
3894,2177
3895,2178
3896,2179
3897,2180
3898,2180
3899,2180
3900,2180
3901,2181
3902,2182
3903,2183
3904,2184
3905,2185
3906,2186
3907,2186
3908,2186
3909,2186
3910,2187
3911,2187
3912,2187
3913,2188
3914,2189
3915,2189
3916,2190
3917,2190
3918,2190
3919,2191
3920,2192
3921,2193
3922,2194
3923,2194
3924,2194
3925,2195
3926,2196
3927,2196
3928,2196
3929,2196
3930,2197
3931,2197
3932,2197
3933,2198
3934,2198
3935,2199
3936,2200
3937,2200
3938,2200
3939,2201
3940,2202
3941,2203
3942,2204
3943,2204
3944,2205
3945,2205
3946,2205
3947,2205
3948,2206
3949,2207
3950,2207
3951,2207
3952,2207
3953,2208
3954,2208
3955,2208
3956,2208
3957,2209
3958,2210
3959,2210
3960,2211
3961,2212
3962,2213
3963,2213
3964,2214
3965,2214
3966,2214
3967,2214
3968,2215
3969,2216
3970,2217
3971,2217
3972,2218
3973,2219
3974,2220
3975,2220
3976,2220
3977,2221
3978,2222
3979,2222
3980,2222
3981,2222
3982,2223
3983,2223
3984,2223
3985,2223
3986,2224
3987,2225
3988,2225
3989,2225
3990,2225
3991,2226
3992,2227
3993,2228
3994,2229
3995,2230
3996,2230
3997,2231
3998,2231
3999,2232
4000,2233
4001,2233
4002,2233
4003,2233
4004,2234
4005,2235
4006,2236
4007,2237
4008,2238
4009,2239
4010,2239
4011,2240
4012,2240
4013,2240
4014,2240
4015,2241
4016,2241
4017,2242
4018,2243
4019,2244
4020,2245
4021,2246
4022,2247
4023,2248
4024,2248
4025,2248
4026,2249
4027,2249
4028,2249
4029,2250
4030,2250
4031,2250
4032,2251
4033,2252
4034,2253
4035,2254
4036,2255
4037,2256
4038,2257
4039,2258
4040,2258
4041,2258
4042,2258
4043,2259
4044,2260
4045,2260
4046,2260
4047,2261
4048,2262
4049,2263
4050,2264
4051,2265
4052,2266
4053,2267
4054,2268
4055,2268
4056,2269
4057,2270
4058,2270
4059,2270
4060,2271
4061,2272
4062,2273
4063,2274
4064,2275
4065,2276
4066,2277
4067,2277
4068,2277
4069,2278
4070,2279
4071,2280
4072,2281
4073,2281
4074,2282
4075,2283
4076,2283
4077,2283
4078,2284
4079,2285
4080,2285
4081,2286
4082,2286
4083,2287
4084,2288
4085,2288
4086,2289
4087,2290
4088,2291
4089,2292
4090,2293
4091,2294
4092,2294
4093,2294
4094,2295
4095,2295
4096,2296
4097,2297
4098,2297
4099,2297
4100,2297
4101,2298
4102,2298
4103,2298
4104,2299
4105,2300
4106,2300
4107,2301
4108,2302
4109,2303
4110,2303
4111,2303
4112,2304
4113,2305
4114,2306
4115,2307
4116,2307
4117,2308
4118,2309
4119,2309
4120,2309
4121,2309
4122,2310
4123,2311
4124,2311
4125,2311
4126,2311
4127,2312
4128,2312
4129,2312
4130,2313
4131,2314
4132,2315
4133,2316
4134,2317
4135,2318
4136,2318
4137,2318
4138,2318
4139,2319
4140,2320
4141,2320
4142,2320
4143,2320
4144,2321
4145,2321
4146,2321
4147,2321
4148,2322
4149,2323
4150,2324
4151,2325
4152,2325
4153,2325
4154,2325
4155,2326
4156,2327
4157,2327
4158,2328
4159,2329
4160,2330
4161,2330
4162,2331
4163,2331
4164,2331
4165,2332
4166,2333
4167,2334
4168,2335
4169,2336
4170,2337
4171,2337
4172,2337
4173,2337
4174,2338
4175,2338
4176,2338
4177,2339
4178,2340
4179,2340
4180,2340
4181,2341
4182,2341
4183,2341
4184,2342
4185,2342
4186,2342
4187,2343
4188,2344
4189,2345
4190,2345
4191,2345
4192,2345
4193,2346
4194,2347
4195,2347
4196,2348
4197,2349
4198,2349
4199,2349
4200,2350
4201,2351
4202,2352
4203,2352
4204,2352
4205,2352
4206,2353
4207,2354
4208,2355
4209,2355
4210,2355
4211,2356
4212,2356
4213,2356
4214,2356
4215,2357
4216,2358
4217,2359
4218,2359
4219,2359
4220,2359
4221,2360
4222,2361
4223,2361
4224,2362
4225,2362
4226,2362
4227,2363
4228,2363
4229,2363
4230,2364
4231,2365
4232,2365
4233,2365
4234,2366
4235,2366
4236,2366
4237,2367
4238,2367
4239,2367
4240,2367
4241,2368
4242,2368
4243,2369
4244,2369
4245,2369
4246,2369
4247,2370
4248,2371
4249,2371
4250,2371
4251,2372
4252,2373
4253,2374
4254,2375
4255,2376
4256,2377
4257,2377
4258,2377
4259,2378
4260,2379
4261,2380
4262,2381
4263,2381
4264,2381
4265,2381
4266,2382
4267,2383
4268,2383
4269,2383
4270,2384
4271,2384
4272,2384
4273,2385
4274,2386
4275,2387
4276,2387
4277,2387
4278,2387
4279,2388
4280,2389
4281,2390
4282,2390
4283,2390
4284,2391
4285,2392
4286,2393
4287,2394
4288,2395
4289,2396
4290,2397
4291,2398
4292,2399
4293,2399
4294,2399
4295,2399
4296,2400
4297,2401
4298,2402
4299,2403
4300,2404
4301,2405
4302,2406
4303,2407
4304,2407
4305,2408
4306,2409
4307,2409
4308,2409
4309,2410
4310,2411
4311,2412
4312,2412
4313,2413
4314,2414
4315,2415
4316,2416
4317,2416
4318,2417
4319,2418
4320,2418
4321,2418
4322,2418
4323,2419
4324,2419
4325,2419
4326,2419
4327,2420
4328,2421
4329,2421
4330,2421
4331,2421
4332,2422
4333,2423
4334,2424
4335,2425
4336,2425
4337,2425
4338,2425
4339,2426
4340,2427
4341,2428
4342,2429
4343,2429
4344,2429
4345,2429
4346,2430
4347,2430
4348,2430
4349,2430
4350,2431
4351,2432
4352,2432
4353,2432
4354,2433
4355,2434
4356,2435
4357,2436
4358,2436
4359,2436
4360,2437
4361,2438
4362,2438
4363,2438
4364,2439
4365,2439
4366,2440
4367,2441
4368,2441
4369,2441
4370,2442
4371,2443
4372,2444
4373,2445
4374,2445
4375,2445
4376,2445
4377,2446
4378,2447
4379,2447
4380,2447
4381,2448
4382,2448
4383,2448
4384,2449
4385,2450
4386,2451
4387,2451
4388,2451
4389,2451
4390,2452
4391,2452
4392,2452
4393,2453
4394,2453
4395,2453
4396,2453
4397,2454
4398,2455
4399,2456
4400,2457
4401,2458
4402,2459
4403,2460
4404,2461
4405,2461
4406,2461
4407,2461
4408,2462
4409,2463
4410,2463
4411,2464
4412,2465
4413,2466
4414,2467
4415,2468
4416,2468
4417,2468
4418,2469
4419,2470
4420,2470
4421,2471
4422,2472
4423,2473
4424,2474
4425,2475
4426,2475
4427,2475
4428,2475
4429,2476
4430,2477
4431,2478
4432,2478
4433,2479
4434,2480
4435,2480
4436,2480
4437,2480
4438,2481
4439,2482
4440,2482
4441,2482
4442,2483
4443,2484
4444,2484
4445,2485
4446,2485
4447,2486
4448,2487
4449,2488
4450,2488
4451,2488
4452,2489
4453,2490
4454,2491
4455,2492
4456,2493
4457,2493
4458,2493
4459,2494
4460,2495
4461,2496
4462,2496
4463,2496
4464,2497
4465,2497
4466,2498
4467,2498
4468,2499
4469,2499
4470,2499
4471,2500
4472,2501
4473,2502
4474,2502
4475,2502
4476,2502
4477,2503
4478,2503
4479,2503
4480,2504
4481,2505
4482,2505
4483,2505
4484,2505
4485,2506
4486,2507
4487,2508
4488,2509
4489,2509
4490,2509
4491,2510
4492,2511
4493,2511
4494,2512
4495,2513
4496,2514
4497,2515
4498,2515
4499,2515
4500,2516
4501,2517
4502,2517
4503,2517
4504,2517
4505,2518
4506,2519
4507,2519
4508,2519
4509,2519
4510,2520
4511,2521
4512,2522
4513,2523
4514,2524
4515,2524
4516,2524
4517,2525
4518,2526
4519,2526
4520,2526
4521,2526
4522,2527
4523,2527
4524,2527
4525,2527
4526,2528
4527,2528
4528,2528
4529,2529
4530,2529
4531,2530
4532,2531
4533,2532
4534,2532
4535,2533
4536,2533
4537,2533
4538,2533
4539,2534
4540,2535
4541,2535
4542,2535
4543,2535
4544,2536
4545,2537
4546,2538
4547,2539
4548,2539
4549,2539
4550,2540
4551,2541
4552,2542
4553,2543
4554,2544
4555,2544
4556,2545
4557,2546
4558,2546
4559,2546
4560,2547
4561,2547
4562,2548
4563,2549
4564,2550
4565,2551
4566,2552
4567,2553
4568,2553
4569,2553
4570,2554
4571,2555
4572,2556
4573,2557
4574,2558
4575,2559
4576,2559
4577,2559
4578,2560
4579,2561
4580,2561
4581,2562
4582,2562
4583,2563
4584,2563
4585,2563
4586,2563
4587,2564
4588,2565
4589,2566
4590,2567
4591,2567
4592,2567
4593,2568
4594,2569
4595,2570
4596,2571
4597,2572
4598,2572
4599,2573
4600,2573
4601,2573
4602,2574
4603,2575
4604,2576
4605,2577
4606,2578
4607,2578
4608,2578
4609,2578
4610,2579
4611,2580
4612,2581
4613,2582
4614,2582
4615,2582
4616,2582
4617,2583
4618,2583
4619,2584
4620,2585
4621,2586
4622,2586
4623,2586
4624,2586
4625,2587
4626,2587
4627,2587
4628,2587
4629,2588
4630,2589
4631,2590
4632,2591
4633,2592
4634,2592
4635,2593
4636,2594
4637,2595
4638,2595
4639,2595
4640,2596
4641,2596
4642,2596
4643,2597
4644,2598
4645,2599
4646,2600
4647,2600
4648,2601
4649,2601
4650,2602
4651,2602
4652,2602
4653,2603
4654,2604
4655,2605
4656,2606
4657,2606
4658,2607
4659,2608
4660,2608
4661,2608
4662,2608
4663,2609
4664,2609
4665,2609
4666,2610
4667,2611
4668,2612
4669,2612
4670,2612
4671,2613
4672,2614
4673,2615
4674,2615
4675,2615
4676,2616
4677,2616
4678,2617
4679,2618
4680,2619
4681,2620
4682,2620
4683,2620
4684,2620
4685,2621
4686,2621
4687,2622
4688,2623
4689,2623
4690,2623
4691,2624
4692,2625
4693,2626
4694,2627
4695,2627
4696,2627
4697,2627
4698,2628
4699,2629
4700,2630
4701,2631
4702,2632
4703,2633
4704,2634
4705,2634
4706,2635
4707,2636
4708,2637
4709,2638
4710,2638
4711,2639
4712,2639
4713,2639
4714,2640
4715,2641
4716,2641
4717,2641
4718,2642
4719,2642
4720,2643
4721,2644
4722,2644
4723,2645
4724,2646
4725,2646
4726,2647
4727,2648
4728,2649
4729,2650
4730,2651
4731,2651
4732,2651
4733,2652
4734,2652
4735,2652
4736,2652
4737,2653
4738,2654
4739,2655
4740,2655
4741,2656
4742,2657
4743,2658
4744,2659
4745,2659
4746,2659
4747,2660
4748,2661
4749,2662
4750,2663
4751,2663
4752,2664
4753,2664
4754,2664
4755,2665
4756,2665
4757,2665
4758,2665
4759,2666
4760,2667
4761,2667
4762,2667
4763,2668
4764,2669
4765,2669
4766,2669
4767,2670
4768,2671
4769,2672
4770,2673
4771,2673
4772,2673
4773,2673
4774,2674
4775,2675
4776,2676
4777,2676
4778,2676
4779,2677
4780,2677
4781,2677
4782,2677
4783,2678
4784,2678
4785,2678
4786,2679
4787,2680
4788,2680
4789,2680
4790,2681
4791,2682
4792,2682
4793,2683
4794,2684
4795,2685
4796,2686
4797,2687
4798,2687
4799,2688
4800,2688
4801,2688
4802,2688
4803,2689
4804,2689
4805,2689
4806,2689
4807,2690
4808,2690
4809,2691
4810,2692
4811,2693
4812,2694
4813,2695
4814,2695
4815,2696
4816,2697
4817,2698
4818,2699
4819,2699
4820,2700
4821,2701
4822,2701
4823,2701
4824,2702
4825,2702
4826,2703
4827,2703
4828,2703
4829,2703
4830,2704
4831,2705
4832,2706
4833,2706
4834,2707
4835,2708
4836,2709
4837,2709
4838,2709
4839,2710
4840,2711
4841,2712
4842,2713
4843,2714
4844,2714
4845,2714
4846,2715
4847,2716
4848,2717
4849,2718
4850,2719
4851,2719
4852,2719
4853,2720
4854,2720
4855,2721
4856,2721
4857,2721
4858,2722
4859,2722
4860,2722
4861,2723
4862,2724
4863,2725
4864,2726
4865,2727
4866,2728
4867,2729
4868,2729
4869,2729
4870,2729
4871,2730
4872,2731
4873,2731
4874,2731
4875,2732
4876,2733
4877,2734
4878,2735
4879,2736
4880,2737
4881,2737
4882,2737
4883,2738
4884,2739
4885,2740
4886,2741
4887,2742
4888,2743
4889,2744
4890,2745
4891,2745
4892,2745
4893,2746
4894,2746
4895,2746
4896,2747
4897,2747
4898,2747
4899,2748
4900,2749
4901,2749
4902,2750
4903,2751
4904,2752
4905,2752
4906,2752
4907,2753
4908,2754
4909,2755
4910,2755
4911,2755
4912,2755
4913,2756
4914,2756
4915,2756
4916,2757
4917,2757
4918,2757
4919,2758
4920,2759
4921,2760
4922,2761
4923,2761
4924,2762
4925,2762
4926,2762
4927,2763
4928,2763
4929,2763
4930,2763
4931,2764
4932,2765
4933,2766
4934,2767
4935,2768
4936,2769
4937,2769
4938,2770
4939,2770
4940,2771
4941,2771
4942,2772
4943,2772
4944,2773
4945,2773
4946,2773
4947,2773
4948,2774
4949,2774
4950,2775
4951,2775
4952,2775
4953,2775
4954,2776
4955,2776
4956,2776
4957,2777
4958,2777
4959,2778
4960,2779
4961,2780
4962,2780
4963,2780
4964,2781
4965,2782
4966,2783
4967,2783
4968,2784
4969,2784
4970,2785
4971,2785
4972,2786
4973,2786
4974,2786
4975,2787
4976,2787
4977,2787
4978,2787
4979,2788
4980,2789
4981,2790
4982,2791
4983,2792
4984,2792
4985,2792
4986,2793
4987,2794
4988,2795
4989,2795
4990,2795
4991,2795
4992,2796
4993,2796
4994,2796
4995,2797
4996,2798
4997,2799
4998,2799
4999,2799
5000,2799
5001,2800
5002,2800
5003,2801
5004,2802
5005,2803
5006,2804
5007,2805
5008,2806
5009,2807
5010,2808
5011,2809
5012,2809
5013,2809
5014,2809
5015,2810
5016,2811
5017,2812
5018,2812
5019,2813
5020,2813
5021,2813
5022,2813
5023,2814
5024,2815
5025,2816
5026,2817
5027,2818
5028,2819
5029,2819
5030,2819
5031,2820
5032,2821
5033,2821
5034,2822
5035,2823
5036,2823
5037,2823
5038,2823
5039,2824
5040,2825
5041,2825
5042,2825
5043,2825
5044,2826
5045,2827
5046,2827
5047,2827
5048,2828
5049,2829
5050,2829
5051,2829
5052,2830
5053,2831
5054,2831
5055,2831
5056,2832
5057,2832
5058,2832
5059,2833
5060,2834
5061,2835
5062,2836
5063,2837
5064,2838
5065,2839
5066,2840
5067,2841
5068,2842
5069,2842
5070,2843
5071,2843
5072,2843
5073,2844
5074,2844
5075,2844
5076,2845
5077,2845
5078,2845
5079,2846
5080,2846
5081,2847
5082,2848
5083,2849
5084,2850
5085,2850
5086,2850
5087,2851
5088,2852
5089,2853
5090,2854
5091,2855
5092,2856
5093,2856
5094,2856
5095,2857
5096,2858
5097,2859
5098,2860
5099,2861
5100,2862
5101,2862
5102,2862
5103,2862
5104,2863
5105,2864
5106,2865
5107,2866
5108,2866
5109,2867
5110,2868
5111,2868
5112,2868
5113,2869
5114,2870
5115,2871
5116,2872
5117,2873
5118,2874
5119,2875
5120,2875
5121,2875
5122,2876
5123,2877
5124,2877
5125,2878
5126,2878
5127,2879
5128,2880
5129,2881
5130,2882
5131,2882
5132,2882
5133,2883
5134,2883
5135,2883
5136,2884
5137,2885
5138,2886
5139,2886
5140,2887
5141,2888
5142,2888
5143,2888
5144,2888
5145,2889
5146,2890
5147,2890
5148,2890
5149,2891
5150,2892
5151,2893
5152,2894
5153,2894
5154,2894
5155,2895
5156,2896
5157,2897
5158,2898
5159,2899
5160,2900
5161,2900
5162,2900
5163,2901
5164,2901
5165,2901
5166,2902
5167,2903
5168,2903
5169,2903
5170,2903
5171,2904
5172,2904
5173,2905
5174,2905
5175,2906
5176,2906
5177,2907
5178,2908
5179,2909
5180,2910
5181,2910
5182,2911
5183,2912
5184,2912
5185,2912
5186,2913
5187,2913
5188,2913
5189,2914
5190,2915
5191,2916
5192,2916
5193,2917
5194,2918
5195,2919
5196,2919
5197,2920
5198,2921
5199,2922
5200,2923
5201,2923
5202,2924
5203,2924
5204,2925
5205,2925
5206,2925
5207,2926
5208,2927
5209,2928
5210,2928
5211,2929
5212,2930
5213,2931
5214,2932
5215,2932
5216,2932
5217,2933
5218,2933
5219,2933
5220,2934
5221,2935
5222,2936
5223,2936
5224,2936
5225,2937
5226,2937
5227,2938
5228,2938
5229,2938
5230,2938
5231,2939
5232,2939
5233,2939
5234,2940
5235,2941
5236,2942
5237,2942
5238,2942
5239,2942
5240,2943
5241,2943
5242,2944
5243,2945
5244,2946
5245,2946
5246,2946
5247,2946
5248,2947
5249,2948
5250,2948
5251,2948
5252,2949
5253,2950
5254,2951
5255,2951
5256,2951
5257,2952
5258,2953
5259,2954
5260,2955
5261,2956
5262,2957
5263,2957
5264,2957
5265,2957
5266,2958
5267,2958
5268,2958
5269,2959
5270,2959
5271,2959
5272,2959
5273,2960
5274,2960
5275,2961
5276,2962
5277,2962
5278,2963
5279,2964
5280,2965
5281,2966
5282,2966
5283,2967
5284,2968
5285,2968
5286,2968
5287,2968
5288,2969
5289,2970
5290,2971
5291,2972
5292,2973
5293,2974
5294,2975
5295,2976
5296,2977
5297,2977
5298,2978
5299,2978
5300,2978
5301,2979
5302,2979
5303,2979
5304,2979
5305,2980
5306,2981
5307,2982
5308,2983
5309,2984
5310,2984
5311,2984
5312,2985
5313,2985
5314,2986
5315,2986
5316,2986
5317,2987
5318,2987
5319,2988
5320,2989
5321,2989
5322,2990
5323,2991
5324,2992
5325,2993
5326,2994
5327,2995
5328,2996
5329,2996
5330,2997
5331,2997
5332,2997
5333,2997
5334,2998
5335,2999
5336,3000
5337,3001
5338,3002
5339,3003
5340,3004
5341,3005
5342,3005
5343,3006
5344,3007
5345,3008
5346,3009
5347,3009
5348,3009
5349,3009
5350,3010
5351,3011
5352,3011
5353,3011
5354,3011
5355,3012
5356,3013
5357,3013
5358,3013
5359,3014
5360,3015
5361,3016
5362,3017
5363,3017
5364,3017
5365,3017
5366,3018
5367,3018
5368,3019
5369,3020
5370,3021
5371,3022
5372,3023
5373,3024
5374,3024
5375,3025
5376,3026
5377,3026
5378,3027
5379,3028
5380,3029
5381,3029
5382,3029
5383,3029
5384,3030
5385,3030
5386,3030
5387,3030
5388,3031
5389,3032
5390,3033
5391,3034
5392,3034
5393,3034
5394,3034
5395,3035
5396,3036
5397,3037
5398,3038
5399,3039
5400,3040
5401,3041
5402,3041
5403,3042
5404,3043
5405,3044
5406,3044
5407,3045
5408,3045
5409,3046
5410,3046
5411,3046
5412,3046
5413,3047
5414,3048
5415,3048
5416,3049
5417,3049
5418,3049
5419,3049
5420,3050
5421,3051
5422,3051
5423,3052
5424,3053
5425,3054
5426,3055
5427,3056
5428,3057
5429,3058
5430,3058
5431,3058
5432,3058
5433,3059
5434,3060
5435,3061
5436,3062
5437,3063
5438,3064
5439,3064
5440,3065
5441,3066
5442,3067
5443,3068
5444,3069
5445,3069
5446,3069
5447,3070
5448,3070
5449,3071
5450,3072
5451,3073
5452,3074
5453,3075
5454,3076
5455,3077
5456,3077
5457,3078
5458,3079
5459,3080
5460,3081
5461,3081
5462,3081
5463,3081
5464,3082
5465,3083
5466,3084
5467,3085
5468,3086
5469,3086
5470,3086
5471,3086
5472,3087
5473,3088
5474,3088
5475,3089
5476,3090
5477,3090
5478,3090
5479,3090
5480,3091
5481,3091
5482,3091
5483,3092
5484,3092
5485,3093
5486,3093
5487,3093
5488,3093
5489,3094
5490,3095
5491,3096
5492,3097
5493,3098
5494,3099
5495,3100
5496,3101
5497,3102
5498,3103
5499,3103
5500,3104
5501,3104
5502,3104
5503,3104
5504,3105
5505,3106
5506,3107
5507,3108
5508,3109
5509,3109
5510,3109
5511,3109
5512,3110
5513,3111
5514,3112
5515,3113
5516,3114
5517,3115
5518,3115
5519,3115
5520,3115
5521,3116
5522,3117
5523,3118
5524,3119
5525,3120
5526,3120
5527,3120
5528,3120
5529,3121
5530,3122
5531,3123
5532,3124
5533,3124
5534,3125
5535,3126
5536,3126
5537,3126
5538,3127
5539,3128
5540,3129
5541,3129
5542,3129
5543,3129
5544,3130
5545,3130
5546,3131
5547,3131
5548,3132
5549,3133
5550,3134
5551,3134
5552,3135
5553,3136
5554,3136
5555,3137
5556,3138
5557,3138
5558,3139
5559,3140
5560,3140
5561,3141
5562,3141
5563,3141
5564,3141
5565,3142
5566,3142
5567,3142
5568,3142
5569,3143
5570,3143
5571,3144
5572,3144
5573,3145
5574,3146
5575,3147
5576,3147
5577,3147
5578,3147
5579,3148
5580,3148
5581,3148
5582,3149
5583,3150
5584,3150
5585,3151
5586,3152
5587,3152
5588,3152
5589,3153
5590,3154
5591,3155
5592,3156
5593,3157
5594,3158
5595,3158
5596,3158
5597,3159
5598,3159
5599,3159
5600,3159
5601,3160
5602,3161
5603,3161
5604,3162
5605,3163
5606,3163
5607,3163
5608,3164
5609,3164
5610,3164
5611,3165
5612,3166
5613,3167
5614,3167
5615,3168
5616,3169
5617,3169
5618,3169
5619,3169
5620,3170
5621,3171
5622,3172
5623,3172
5624,3172
5625,3172
5626,3173
5627,3174
5628,3174
5629,3174
5630,3174
5631,3175
5632,3175
5633,3176
5634,3176
5635,3176
5636,3177
5637,3177
5638,3177
5639,3178
5640,3179
5641,3180
5642,3180
5643,3180
5644,3180
5645,3181
5646,3182
5647,3183
5648,3184
5649,3185
5650,3186
5651,3187
5652,3187
5653,3187
5654,3188
5655,3189
5656,3190
5657,3190
5658,3190
5659,3190
5660,3191
5661,3192
5662,3192
5663,3192
5664,3193
5665,3194
5666,3195
5667,3196
5668,3197
5669,3197
5670,3198
5671,3198
5672,3199
5673,3199
5674,3199
5675,3200
5676,3201
5677,3201
5678,3201
5679,3201
5680,3202
5681,3202
5682,3203
5683,3204
5684,3205
5685,3206
5686,3207
5687,3208
5688,3208
5689,3208
5690,3208
5691,3209
5692,3210
5693,3211
5694,3212
5695,3212
5696,3212
5697,3213
5698,3213
5699,3213
5700,3214
5701,3214
5702,3214
5703,3215
5704,3216
5705,3217
5706,3218
5707,3218
5708,3219
5709,3220
5710,3221
5711,3221
5712,3222
5713,3222
5714,3223
5715,3224
5716,3225
5717,3225
5718,3226
5719,3226
5720,3226
5721,3227
5722,3227
5723,3227
5724,3228
5725,3228
5726,3228
5727,3228
5728,3229
5729,3229
5730,3230
5731,3231
5732,3232
5733,3232
5734,3233
5735,3233
5736,3233
5737,3234
5738,3235
5739,3235
5740,3235
5741,3236
5742,3237
5743,3237
5744,3238
5745,3238
5746,3238
5747,3239
5748,3240
5749,3241
5750,3241
5751,3241
5752,3241
5753,3242
5754,3243
5755,3244
5756,3244
5757,3244
5758,3244
5759,3245
5760,3246
5761,3247
5762,3247
5763,3248
5764,3249
5765,3250
5766,3250
5767,3250
5768,3251
5769,3252
5770,3252
5771,3252
5772,3252
5773,3253
5774,3254
5775,3255
5776,3255
5777,3256
5778,3256
5779,3257
5780,3257
5781,3257
5782,3257
5783,3258
5784,3259
5785,3259
5786,3259
5787,3259
5788,3260
5789,3261
5790,3262
5791,3262
5792,3262
5793,3262
5794,3263
5795,3264
5796,3264
5797,3265
5798,3266
5799,3266
5800,3266
5801,3267
5802,3267
5803,3267
5804,3268
5805,3268
5806,3268
5807,3269
5808,3270
5809,3271
5810,3272
5811,3273
5812,3274
5813,3275
5814,3275
5815,3276
5816,3276
5817,3276
5818,3276
5819,3277
5820,3278
5821,3278
5822,3278
5823,3279
5824,3280
5825,3281
5826,3282
5827,3282
5828,3282
5829,3283
5830,3283
5831,3284
5832,3284
5833,3284
5834,3285
5835,3285
5836,3285
5837,3285
5838,3286
5839,3287
5840,3288
5841,3289
5842,3290
5843,3290
5844,3290
5845,3290
5846,3291
5847,3291
5848,3291
5849,3292
5850,3292
5851,3293
5852,3293
5853,3293
5854,3293
5855,3294
5856,3295
5857,3295
5858,3295
5859,3296
5860,3296
5861,3296
5862,3297
5863,3298
5864,3298
5865,3298
5866,3298
5867,3299
5868,3300
5869,3300
5870,3300
5871,3300
5872,3301
5873,3301
5874,3302
5875,3302
5876,3303
5877,3304
5878,3304
5879,3305
5880,3306
5881,3307
5882,3307
5883,3307
5884,3307
5885,3308
5886,3308
5887,3309
5888,3309
5889,3310
5890,3310
5891,3311
5892,3311
5893,3311
5894,3311
5895,3312
5896,3312
5897,3312
5898,3312
5899,3313
5900,3314
5901,3315
5902,3316
5903,3317
5904,3318
5905,3319
5906,3319
5907,3320
5908,3320
5909,3321
5910,3321
5911,3321
5912,3321
5913,3322
5914,3322
5915,3323
5916,3324
5917,3325
5918,3326
5919,3327
5920,3328
5921,3329
5922,3330
5923,3331
5924,3331
5925,3331
5926,3332
5927,3333
5928,3333
5929,3333
5930,3334
5931,3335
5932,3335
5933,3335
5934,3336
5935,3337
5936,3338
5937,3339
5938,3340
5939,3341
5940,3342
5941,3343
5942,3344
5943,3344
5944,3344
5945,3345
5946,3345
5947,3345
5948,3345
5949,3346
5950,3346
5951,3346
5952,3347
5953,3348
5954,3349
5955,3350
5956,3350
5957,3351
5958,3352
5959,3353
5960,3353
5961,3353
5962,3353
5963,3354
5964,3355
5965,3356
5966,3357
5967,3357
5968,3357
5969,3357
5970,3358
5971,3359
5972,3360
5973,3361
5974,3362
5975,3362
5976,3362
5977,3363
5978,3363
5979,3363
5980,3364
5981,3365
5982,3365
5983,3365
5984,3366
5985,3367
5986,3368
5987,3369
5988,3370
5989,3371
5990,3371
5991,3371
5992,3371
5993,3372
5994,3372
5995,3372
5996,3372
5997,3373
5998,3373
5999,3373
6000,3373
6001,3374
6002,3375
6003,3375
6004,3375
6005,3375
6006,3376
6007,3376
6008,3376
6009,3377
6010,3377
6011,3377
6012,3377
6013,3378
6014,3379
6015,3379
6016,3379
6017,3380
6018,3381
6019,3382
6020,3383
6021,3383
6022,3383
6023,3384
6024,3384
6025,3385
6026,3386
6027,3386
6028,3386
6029,3386
6030,3387
6031,3388
6032,3389
6033,3390
6034,3391
6035,3391
6036,3392
6037,3393
6038,3394
6039,3394
6040,3394
6041,3395
6042,3396
6043,3396
6044,3396
6045,3397
6046,3398
6047,3398
6048,3398
6049,3398
6050,3399
6051,3399
6052,3399
6053,3400
6054,3401
6055,3401
6056,3402
6057,3402
6058,3403
6059,3404
6060,3404
6061,3405
6062,3406
6063,3407
6064,3407
6065,3407
6066,3408
6067,3409
6068,3410
6069,3411
6070,3411
6071,3411
6072,3412
6073,3413
6074,3413
6075,3413
6076,3414
6077,3415
6078,3416
6079,3416
6080,3416
6081,3416
6082,3417
6083,3418
6084,3419
6085,3419
6086,3420
6087,3420
6088,3420
6089,3421
6090,3422
6091,3423
6092,3424
6093,3424
6094,3425
6095,3426
6096,3426
6097,3426
6098,3427
6099,3428
6100,3428
6101,3429
6102,3429
6103,3429
6104,3430
6105,3430
6106,3430
6107,3431
6108,3431
6109,3432
6110,3433
6111,3434
6112,3435
6113,3436
6114,3437
6115,3438
6116,3438
6117,3438
6118,3438
6119,3439
6120,3439
6121,3440
6122,3440
6123,3440
6124,3440
6125,3441
6126,3442
6127,3443
6128,3444
6129,3445
6130,3445
6131,3446
6132,3447
6133,3448
6134,3448
6135,3448
6136,3449
6137,3450
6138,3450
6139,3450
6140,3450
6141,3451
6142,3451
6143,3451
6144,3452
6145,3453
6146,3454
6147,3454
6148,3454
6149,3455
6150,3455
6151,3455
6152,3455
6153,3456
6154,3457
6155,3458
6156,3459
6157,3460
6158,3461
6159,3461
6160,3461
6161,3462
6162,3463
6163,3463
6164,3463
6165,3464
6166,3465
6167,3465
6168,3465
6169,3466
6170,3467
6171,3468
6172,3468
6173,3468
6174,3468
6175,3469
6176,3469
6177,3469
6178,3469
6179,3470
6180,3471
6181,3471
6182,3471
6183,3471
6184,3472
6185,3473
6186,3474
6187,3475
6188,3476
6189,3476
6190,3476
6191,3477
6192,3478
6193,3478
6194,3478
6195,3478
6196,3479
6197,3480
6198,3481
6199,3482
6200,3483
6201,3484
6202,3485
6203,3486
6204,3487
6205,3487
6206,3487
6207,3487
6208,3488
6209,3489
6210,3490
6211,3491
6212,3492
6213,3492
6214,3493
6215,3494
6216,3494
6217,3494
6218,3495
6219,3495
6220,3495
6221,3496
6222,3497
6223,3498
6224,3498
6225,3499
6226,3500
6227,3501
6228,3502
6229,3503
6230,3504
6231,3505
6232,3505
6233,3505
6234,3506
6235,3507
6236,3508
6237,3508
6238,3508
6239,3509
6240,3510
6241,3510
6242,3511
6243,3511
6244,3512
6245,3512
6246,3512
6247,3513
6248,3513
6249,3513
6250,3514
6251,3515
6252,3515
6253,3516
6254,3516
6255,3517
6256,3517
6257,3517
6258,3518
6259,3519
6260,3520
6261,3521
6262,3522
6263,3522
6264,3523
6265,3524
6266,3524
6267,3525
6268,3526
6269,3527
6270,3528
6271,3529
6272,3530
6273,3531
6274,3531
6275,3532
6276,3533
6277,3533
6278,3533
6279,3534
6280,3535
6281,3535
6282,3535
6283,3535
6284,3536
6285,3536
6286,3536
6287,3537
6288,3537
6289,3537
6290,3538
6291,3538
6292,3538
6293,3538
6294,3539
6295,3539
6296,3539
6297,3539
6298,3540
6299,3541
6300,3542
6301,3543
6302,3543
6303,3543
6304,3544
6305,3545
6306,3546
6307,3546
6308,3547
6309,3548
6310,3549
6311,3549
6312,3549
6313,3549
6314,3550
6315,3551
6316,3551
6317,3551
6318,3552
6319,3553
6320,3554
6321,3554
6322,3554
6323,3554
6324,3555
6325,3556
6326,3557
6327,3558
6328,3559
6329,3559
6330,3559
6331,3559
6332,3560
6333,3560
6334,3560
6335,3560
6336,3561
6337,3562
6338,3562
6339,3562
6340,3562
6341,3563
6342,3563
6343,3564
6344,3565
6345,3566
6346,3567
6347,3568
6348,3569
6349,3569
6350,3569
6351,3570
6352,3570
6353,3571
6354,3572
6355,3572
6356,3572
6357,3573
6358,3573
6359,3573
6360,3574
6361,3574
6362,3575
6363,3575
6364,3575
6365,3575
6366,3576
6367,3577
6368,3578
6369,3579
6370,3580
6371,3580
6372,3580
6373,3580
6374,3581
6375,3581
6376,3581
6377,3581
6378,3582
6379,3582
6380,3583
6381,3583
6382,3583
6383,3583
6384,3584
6385,3585
6386,3586
6387,3586
6388,3586
6389,3587
6390,3588
6391,3588
6392,3588
6393,3588
6394,3589
6395,3590
6396,3591
6397,3591
6398,3591
6399,3591
6400,3592
6401,3592
6402,3592
6403,3593
6404,3594
6405,3594
6406,3595
6407,3596
6408,3596
6409,3597
6410,3597
6411,3598
6412,3598
6413,3598
6414,3599
6415,3600
6416,3601
6417,3602
6418,3602
6419,3602
6420,3602
6421,3603
6422,3604
6423,3605
6424,3606
6425,3607
6426,3608
6427,3608
6428,3609
6429,3610
6430,3611
6431,3611
6432,3611
6433,3611
6434,3612
6435,3612
6436,3612
6437,3613
6438,3614
6439,3615
6440,3615
6441,3616
6442,3617
6443,3617
6444,3618
6445,3619
6446,3620
6447,3621
6448,3621
6449,3621
6450,3622
6451,3623
6452,3624
6453,3624
6454,3625
6455,3626
6456,3627
6457,3628
6458,3628
6459,3628
6460,3629
6461,3630
6462,3631
6463,3632
6464,3633
6465,3634
6466,3634
6467,3635
6468,3635
6469,3635
6470,3636
6471,3636
6472,3636
6473,3636
6474,3637
6475,3638
6476,3638
6477,3638
6478,3639
6479,3639
6480,3639
6481,3640
6482,3640
6483,3641
6484,3641
6485,3641
6486,3642
6487,3642
6488,3643
6489,3644
6490,3645
6491,3645
6492,3646
6493,3647
6494,3648
6495,3648
6496,3648
6497,3649
6498,3650
6499,3650
6500,3650
6501,3650
6502,3651
6503,3652
6504,3653
6505,3654
6506,3655
6507,3656
6508,3657
6509,3657
6510,3658
6511,3659
6512,3659
6513,3659
6514,3659
6515,3660
6516,3660
6517,3661
6518,3662
6519,3663
6520,3664
6521,3664
6522,3665
6523,3666
6524,3667
6525,3668
6526,3669
6527,3669
6528,3669
6529,3669
6530,3670
6531,3670
6532,3670
6533,3671
6534,3671
6535,3671
6536,3672
6537,3672
6538,3672
6539,3672
6540,3673
6541,3674
6542,3675
6543,3676
6544,3676
6545,3677
6546,3677
6547,3677
6548,3678
6549,3678
6550,3678
6551,3678
6552,3679
6553,3680
6554,3680
6555,3680
6556,3681
6557,3681
6558,3681
6559,3681
6560,3682
6561,3683
6562,3684
6563,3684
6564,3685
6565,3685
6566,3686
6567,3687
6568,3688
6569,3689
6570,3689
6571,3689
6572,3689
6573,3690
6574,3690
6575,3690
6576,3690
6577,3691
6578,3691
6579,3692
6580,3693
6581,3694
6582,3695
6583,3695
6584,3695
6585,3696
6586,3697
6587,3697
6588,3697
6589,3697
6590,3698
6591,3699
6592,3699
6593,3700
6594,3700
6595,3700
6596,3701
6597,3702
6598,3703
6599,3703
6600,3703
6601,3704
6602,3705
6603,3705
6604,3705
6605,3705
6606,3706
6607,3706
6608,3706
6609,3707
6610,3708
6611,3709
6612,3710
6613,3711
6614,3712
6615,3712
6616,3713
6617,3714
6618,3715
6619,3716
6620,3716
6621,3717
6622,3717
6623,3717
6624,3718
6625,3719
6626,3720
6627,3721
6628,3721
6629,3721
6630,3721
6631,3722
6632,3722
6633,3723
6634,3724
6635,3725
6636,3726
6637,3727
6638,3728
6639,3729
6640,3730
6641,3731
6642,3732
6643,3732
6644,3733
6645,3734
6646,3735
6647,3735
6648,3736
6649,3737
6650,3738
6651,3739
6652,3739
6653,3739
6654,3740
6655,3741
6656,3741
6657,3741
6658,3742
6659,3743
6660,3744
6661,3745
6662,3746
6663,3747
6664,3748
6665,3748
6666,3748
6667,3749
6668,3750
6669,3750
6670,3750
6671,3751
6672,3751
6673,3751
6674,3752
6675,3753
6676,3754
6677,3754
6678,3754
6679,3754
6680,3755
6681,3756
6682,3757
6683,3758
6684,3758
6685,3759
6686,3760
6687,3761
6688,3762
6689,3763
6690,3764
6691,3765
6692,3765
6693,3766
6694,3766
6695,3766
6696,3766
6697,3767
6698,3767
6699,3768
6700,3768
6701,3769
6702,3770
6703,3770
6704,3771
6705,3771
6706,3771
6707,3771
6708,3772
6709,3772
6710,3773
6711,3774
6712,3774
6713,3774
6714,3774
6715,3775
6716,3776
6717,3777
6718,3778
6719,3779
6720,3779
6721,3780
6722,3781
6723,3781
6724,3782
6725,3782
6726,3782
6727,3783
6728,3784
6729,3784
6730,3784
6731,3784
6732,3785
6733,3785
6734,3785
6735,3786
6736,3786
6737,3786
6738,3787
6739,3788
6740,3788
6741,3789
6742,3789
6743,3790
6744,3791
6745,3792
6746,3792
6747,3793
6748,3793
6749,3793
6750,3793
6751,3794
6752,3794
6753,3794
6754,3795
6755,3795
6756,3795
6757,3795
6758,3796
6759,3797
6760,3798
6761,3798
6762,3799
6763,3799
6764,3799
6765,3800
6766,3801
6767,3802
6768,3802
6769,3802
6770,3802
6771,3803
6772,3804
6773,3804
6774,3805
6775,3806
6776,3806
6777,3806
6778,3806
6779,3807
6780,3808
6781,3809
6782,3810
6783,3810
6784,3810
6785,3811
6786,3811
6787,3811
6788,3812
6789,3813
6790,3814
6791,3815
6792,3816
6793,3816
6794,3816
6795,3816
6796,3817
6797,3818
6798,3819
6799,3819
6800,3819
6801,3819
6802,3820
6803,3821
6804,3821
6805,3821
6806,3821
6807,3822
6808,3823
6809,3824
6810,3824
6811,3824
6812,3825
6813,3826
6814,3827
6815,3828
6816,3828
6817,3828
6818,3828
6819,3829
6820,3830
6821,3830
6822,3830
6823,3831
6824,3832
6825,3833
6826,3833
6827,3833
6828,3833
6829,3834
6830,3834
6831,3834
6832,3835
6833,3836
6834,3837
6835,3838
6836,3839
6837,3839
6838,3839
6839,3839
6840,3840
6841,3840
6842,3841
6843,3842
6844,3842
6845,3842
6846,3842
6847,3843
6848,3844
6849,3845
6850,3846
6851,3847
6852,3848
6853,3848
6854,3848
6855,3849
6856,3850
6857,3850
6858,3850
6859,3851
6860,3852
6861,3853
6862,3854
6863,3855
6864,3856
6865,3857
6866,3857
6867,3857
6868,3857
6869,3858
6870,3859
6871,3860
6872,3861
6873,3862
6874,3862
6875,3862
6876,3862
6877,3863
6878,3863
6879,3863
6880,3863
6881,3864
6882,3865
6883,3866
6884,3866
6885,3866
6886,3866
6887,3867
6888,3867
6889,3867
6890,3867
6891,3868
6892,3868
6893,3869
6894,3869
6895,3870
6896,3871
6897,3872
6898,3873
6899,3873
6900,3874
6901,3875
6902,3876
6903,3877
6904,3878
6905,3878
6906,3879
6907,3879
6908,3879
6909,3880
6910,3880
6911,3881
6912,3881
6913,3881
6914,3882
6915,3882
6916,3883
6917,3884
6918,3885
6919,3886
6920,3887
6921,3888
6922,3889
6923,3890
6924,3891
6925,3892
6926,3892
6927,3893
6928,3893
6929,3894
6930,3894
6931,3894
6932,3895
6933,3895
6934,3895
6935,3896
6936,3897
6937,3898
6938,3899
6939,3900
6940,3901
6941,3901
6942,3902
6943,3902
6944,3902
6945,3903
6946,3904
6947,3905
6948,3906
6949,3906
6950,3906
6951,3907
6952,3907
6953,3907
6954,3907
6955,3908
6956,3909
6957,3909
6958,3909
6959,3910
6960,3911
6961,3912
6962,3912
6963,3912
6964,3913
6965,3913
6966,3913
6967,3913
6968,3914
6969,3915
6970,3916
6971,3916
6972,3917
6973,3918
6974,3919
6975,3919
6976,3919
6977,3919
6978,3920
6979,3920
6980,3920
6981,3920
6982,3921
6983,3922
6984,3922
6985,3923
6986,3924
6987,3925
6988,3926
6989,3927
6990,3927
6991,3927
6992,3928
6993,3929
6994,3930
6995,3930
6996,3930
6997,3930
6998,3931
6999,3932
7000,3932
7001,3932
7002,3933
7003,3934
7004,3935
7005,3935
7006,3936
7007,3936
7008,3937
7009,3938
7010,3938
7011,3938
7012,3938
7013,3939
7014,3940
7015,3941
7016,3942
7017,3943
7018,3944
7019,3944
7020,3944
7021,3945
7022,3946
7023,3947
7024,3947
7025,3948
7026,3948
7027,3948
7028,3948
7029,3949
7030,3950
7031,3950
7032,3950
7033,3950
7034,3951
7035,3951
7036,3951
7037,3952
7038,3952
7039,3953
7040,3954
7041,3954
7042,3955
7043,3955
7044,3955
7045,3956
7046,3957
7047,3957
7048,3957
7049,3958
7050,3958
7051,3959
7052,3960
7053,3961
7054,3961
7055,3961
7056,3961
7057,3962
7058,3963
7059,3964
7060,3965
7061,3965
7062,3965
7063,3965
7064,3966
7065,3967
7066,3967
7067,3968
7068,3969
7069,3969
7070,3969
7071,3970
7072,3970
7073,3970
7074,3971
7075,3971
7076,3971
7077,3972
7078,3973
7079,3973
7080,3973
7081,3974
7082,3974
7083,3975
7084,3976
7085,3977
7086,3977
7087,3977
7088,3978
7089,3979
7090,3980
7091,3981
7092,3982
7093,3982
7094,3982
7095,3982
7096,3983
7097,3984
7098,3984
7099,3985
7100,3986
7101,3986
7102,3986
7103,3987
7104,3988
7105,3989
7106,3990
7107,3990
7108,3990
7109,3991
7110,3991
7111,3991
7112,3992
7113,3993
7114,3994
7115,3995
7116,3996
7117,3996
7118,3996
7119,3996
7120,3997
7121,3998
7122,3999
7123,3999
7124,3999
7125,3999
7126,4000
7127,4000
7128,4000
7129,4001
7130,4002
7131,4003
7132,4004
7133,4004
7134,4004
7135,4005
7136,4006
7137,4007
7138,4007
7139,4007
7140,4007
7141,4008
7142,4009
7143,4010
7144,4010
7145,4010
7146,4011
7147,4012
7148,4013
7149,4014
7150,4014
7151,4015
7152,4016
7153,4017
7154,4018
7155,4019
7156,4020
7157,4020
7158,4020
7159,4021
7160,4021
7161,4021
7162,4022
7163,4022
7164,4022
7165,4022
7166,4023
7167,4024
7168,4025
7169,4025
7170,4026
7171,4027
7172,4027
7173,4027
7174,4027
7175,4028
7176,4029
7177,4029
7178,4029
7179,4029
7180,4030
7181,4031
7182,4031
7183,4031
7184,4032
7185,4033
7186,4034
7187,4034
7188,4035
7189,4036
7190,4037
7191,4038
7192,4038
7193,4038
7194,4039
7195,4040
7196,4040
7197,4040
7198,4041
7199,4041
7200,4042
7201,4043
7202,4043
7203,4043
7204,4044
7205,4044
7206,4044
7207,4044
7208,4045
7209,4046
7210,4046
7211,4046
7212,4047
7213,4047
7214,4048
7215,4048
7216,4049
7217,4050
7218,4050
7219,4050
7220,4051
7221,4052
7222,4053
7223,4053
7224,4054
7225,4055
7226,4055
7227,4055
7228,4056
7229,4057
7230,4058
7231,4059
7232,4060
7233,4060
7234,4061
7235,4062
7236,4062
7237,4063
7238,4064
7239,4065
7240,4065
7241,4065
7242,4066
7243,4067
7244,4068
7245,4068
7246,4068
7247,4068
7248,4069
7249,4069
7250,4069
7251,4070
7252,4070
7253,4071
7254,4072
7255,4073
7256,4073
7257,4073
7258,4074
7259,4075
7260,4076
7261,4076
7262,4076
7263,4077
7264,4078
7265,4078
7266,4079
7267,4079
7268,4079
7269,4079
7270,4080
7271,4081
7272,4082
7273,4082
7274,4082
7275,4082
7276,4083
7277,4084
7278,4084
7279,4084
7280,4085
7281,4085
7282,4085
7283,4086
7284,4087
7285,4088
7286,4089
7287,4089
7288,4089
7289,4090
7290,4091
7291,4092
7292,4093
7293,4094
7294,4094
7295,4094
7296,4095
7297,4096
7298,4096
7299,4096
7300,4097
7301,4097
7302,4098
7303,4099
7304,4100
7305,4101
7306,4102
7307,4103
7308,4104
7309,4105
7310,4106
7311,4106
7312,4106
7313,4107
7314,4108
7315,4109
7316,4110
7317,4111
7318,4112
7319,4113
7320,4113
7321,4113
7322,4114
7323,4115
7324,4115
7325,4115
7326,4115
7327,4116
7328,4117
7329,4118
7330,4119
7331,4120
7332,4121
7333,4122
7334,4123
7335,4123
7336,4124
7337,4124
7338,4124
7339,4125
7340,4125
7341,4125
7342,4125
7343,4126
7344,4126
7345,4126
7346,4126
7347,4127
7348,4128
7349,4128
7350,4128
7351,4128
7352,4129
7353,4129
7354,4129
7355,4130
7356,4130
7357,4131
7358,4132
7359,4133
7360,4134
7361,4134
7362,4135
7363,4135
7364,4135
7365,4135
7366,4136
7367,4137
7368,4138
7369,4138
7370,4138
7371,4138
7372,4139
7373,4139
7374,4140
7375,4140
7376,4141
7377,4142
7378,4143
7379,4144
7380,4144
7381,4144
7382,4145
7383,4146
7384,4147
7385,4148
7386,4148
7387,4148
7388,4149
7389,4150
7390,4151
7391,4152
7392,4153
7393,4154
7394,4155
7395,4156
7396,4156
7397,4157
7398,4158
7399,4158
7400,4158
7401,4159
7402,4160
7403,4161
7404,4162
7405,4162
7406,4162
7407,4163
7408,4164
7409,4165
7410,4166
7411,4167
7412,4167
7413,4168
7414,4168
7415,4169
7416,4169
7417,4170
7418,4171
7419,4172
7420,4173
7421,4173
7422,4173
7423,4174
7424,4174
7425,4174
7426,4175
7427,4176
7428,4176
7429,4177
7430,4178
7431,4178
7432,4178
7433,4179
7434,4179
7435,4179
7436,4179
7437,4180
7438,4180
7439,4181
7440,4182
7441,4182
7442,4182
7443,4182
7444,4183
7445,4184
7446,4184
7447,4185
7448,4185
7449,4186
7450,4187
7451,4187
7452,4187
7453,4188
7454,4188
7455,4188
7456,4188
7457,4189
7458,4190
7459,4191
7460,4191
7461,4191
7462,4192
7463,4193
7464,4193
7465,4193
7466,4194
7467,4194
7468,4195
7469,4195
7470,4196
7471,4197
7472,4198
7473,4199
7474,4199
7475,4199
7476,4199
7477,4200
7478,4201
7479,4201
7480,4202
7481,4202
7482,4203
7483,4203
7484,4204
7485,4204
7486,4204
7487,4205
7488,4206
7489,4206
7490,4206
7491,4206
7492,4207
7493,4208
7494,4208
7495,4209
7496,4210
7497,4211
7498,4212
7499,4213
7500,4213
7501,4214
7502,4215
7503,4216
7504,4217
7505,4218
7506,4219
7507,4220
7508,4220
7509,4220
7510,4220
7511,4221
7512,4221
7513,4221
7514,4222
7515,4223
7516,4223
7517,4223
7518,4223
7519,4224
7520,4225
7521,4226
7522,4227
7523,4228
7524,4228
7525,4229
7526,4229
7527,4229
7528,4230
7529,4231
7530,4232
7531,4232
7532,4232
7533,4232
7534,4233
7535,4233
7536,4234
7537,4235
7538,4235
7539,4236
7540,4236
7541,4236
7542,4236
7543,4237
7544,4237
7545,4237
7546,4237
7547,4238
7548,4239
7549,4240
7550,4240
7551,4241
7552,4241
7553,4242
7554,4243
7555,4244
7556,4244
7557,4244
7558,4245
7559,4245
7560,4245
7561,4245
7562,4246
7563,4246
7564,4247
7565,4247
7566,4248
7567,4248
7568,4248
7569,4249
7570,4249
7571,4249
7572,4249
7573,4250
7574,4251
7575,4251
7576,4252
7577,4253
7578,4253
7579,4254
7580,4255
7581,4256
7582,4257
7583,4258
7584,4259
7585,4260
7586,4260
7587,4260
7588,4260
7589,4261
7590,4262
7591,4263
7592,4263
7593,4263
7594,4263
7595,4264
7596,4264
7597,4264
7598,4265
7599,4266
7600,4266
7601,4266
7602,4266
7603,4267
7604,4267
7605,4267
7606,4268
7607,4268
7608,4268
7609,4269
7610,4270
7611,4271
7612,4271
7613,4271
7614,4271
7615,4272
7616,4272
7617,4273
7618,4274
7619,4274
7620,4275
7621,4275
7622,4276
7623,4277
7624,4278
7625,4279
7626,4280
7627,4281
7628,4282
7629,4282
7630,4283
7631,4284
7632,4285
7633,4285
7634,4285
7635,4286
7636,4286
7637,4286
7638,4287
7639,4288
7640,4289
7641,4289
7642,4290
7643,4290
7644,4291
7645,4292
7646,4293
7647,4294
7648,4294
7649,4294
7650,4294
7651,4295
7652,4295
7653,4296
7654,4297
7655,4298
7656,4298
7657,4298
7658,4299
7659,4300
7660,4301
7661,4302
7662,4303
7663,4304
7664,4304
7665,4304
7666,4305
7667,4306
7668,4306
7669,4306
7670,4307
7671,4308
7672,4309
7673,4310
7674,4310
7675,4310
7676,4310
7677,4311
7678,4312
7679,4313
7680,4314
7681,4315
7682,4315
7683,4315
7684,4315
7685,4316
7686,4316
7687,4317
7688,4317
7689,4317
7690,4317
7691,4318
7692,4319
7693,4319
7694,4320
7695,4321
7696,4321
7697,4322
7698,4323
7699,4323
7700,4323
7701,4323
7702,4324
7703,4325
7704,4326
7705,4327
7706,4328
7707,4329
7708,4329
7709,4330
7710,4330
7711,4330
7712,4330
7713,4331
7714,4331
7715,4332
7716,4332
7717,4333
7718,4333
7719,4333
7720,4334
7721,4334
7722,4335
7723,4335
7724,4335
7725,4336
7726,4337
7727,4338
7728,4338
7729,4339
7730,4340
7731,4341
7732,4342
7733,4342
7734,4342
7735,4342
7736,4343
7737,4344
7738,4345
7739,4346
7740,4346
7741,4347
7742,4348
7743,4348
7744,4348
7745,4348
7746,4349
7747,4350
7748,4351
7749,4352
7750,4353
7751,4354
7752,4355
7753,4356
7754,4357
7755,4357
7756,4357
7757,4357
7758,4358
7759,4359
7760,4360
7761,4361
7762,4362
7763,4362
7764,4362
7765,4363
7766,4364
7767,4364
7768,4364
7769,4365
7770,4366
7771,4367
7772,4367
7773,4367
7774,4368
7775,4368
7776,4368
7777,4369
7778,4370
7779,4370
7780,4371
7781,4372
7782,4372
7783,4372
7784,4372
7785,4373
7786,4374
7787,4375
7788,4375
7789,4375
7790,4376
7791,4376
7792,4376
7793,4377
7794,4378
7795,4379
7796,4380
7797,4381
7798,4382
7799,4382
7800,4382
7801,4383
7802,4383
7803,4383
7804,4383
7805,4384
7806,4384
7807,4384
7808,4384
7809,4385
7810,4386
7811,4387
7812,4388
7813,4388
7814,4388
7815,4388
7816,4389
7817,4390
7818,4390
7819,4391
7820,4392
7821,4393
7822,4393
7823,4393
7824,4394
7825,4395
7826,4396
7827,4397
7828,4398
7829,4399
7830,4400
7831,4400
7832,4400
7833,4401
7834,4401
7835,4402
7836,4402
7837,4402
7838,4403
7839,4404
7840,4404
7841,4405
7842,4406
7843,4406
7844,4407
7845,4408
7846,4409
7847,4410
7848,4410
7849,4411
7850,4411
7851,4411
7852,4411
7853,4412
7854,4413
7855,4414
7856,4415
7857,4415
7858,4415
7859,4416
7860,4416
7861,4417
7862,4417
7863,4418
7864,4419
7865,4419
7866,4419
7867,4419
7868,4420
7869,4421
7870,4422
7871,4422
7872,4422
7873,4422
7874,4423
7875,4423
7876,4423
7877,4424
7878,4425
7879,4426
7880,4427
7881,4428
7882,4429
7883,4430
7884,4431
7885,4431
7886,4431
7887,4431
7888,4432
7889,4432
7890,4433
7891,4434
7892,4435
7893,4435
7894,4435
7895,4435
7896,4436
7897,4437
7898,4438
7899,4439
7900,4440
7901,4441
7902,4441
7903,4441
7904,4441
7905,4442
7906,4443
7907,4443
7908,4444
7909,4444
7910,4445
7911,4445
7912,4446
7913,4447
7914,4448
7915,4448
7916,4448
7917,4449
7918,4450
7919,4451
7920,4451
7921,4452
7922,4452
7923,4453
7924,4454
7925,4455
7926,4456
7927,4457
7928,4458
7929,4459
7930,4460
7931,4461
7932,4462
7933,4463
7934,4464
7935,4464
7936,4465
7937,4466
7938,4466
7939,4466
7940,4467
7941,4468
7942,4469
7943,4470
7944,4470
7945,4470
7946,4471
7947,4471
7948,4471
7949,4472
7950,4473
7951,4473
7952,4473
7953,4473
7954,4474
7955,4475
7956,4476
7957,4477
7958,4478
7959,4478
7960,4478
7961,4478
7962,4479
7963,4479
7964,4479
7965,4480
7966,4480
7967,4480
7968,4480
7969,4481
7970,4482
7971,4483
7972,4484
7973,4485
7974,4486
7975,4487
7976,4488
7977,4488
7978,4489
7979,4490
7980,4491
7981,4491
7982,4491
7983,4492
7984,4493
7985,4494
7986,4495
7987,4495
7988,4496
7989,4497
7990,4498
7991,4499
7992,4500
7993,4500
7994,4500
7995,4501
7996,4501
7997,4502
7998,4503
7999,4503
8000,4503
8001,4504
8002,4505
8003,4505
8004,4506
8005,4506
8006,4507
8007,4508
8008,4508
8009,4509
8010,4510
8011,4510
8012,4510
8013,4511
8014,4511
8015,4512
8016,4513
8017,4514
8018,4515
8019,4516
8020,4516
8021,4516
8022,4517
8023,4517
8024,4517
8025,4517
8026,4518
8027,4519
8028,4520
8029,4521
8030,4522
8031,4523
8032,4524
8033,4525
8034,4525
8035,4525
8036,4526
8037,4527
8038,4527
8039,4528
8040,4529
8041,4530
8042,4531
8043,4531
8044,4531
8045,4531
8046,4532
8047,4532
8048,4533
8049,4534
8050,4535
8051,4535
8052,4535
8053,4536
8054,4536
8055,4537
8056,4538
8057,4538
8058,4539
8059,4540
8060,4541
8061,4542
8062,4542
8063,4543
8064,4543
8065,4544
8066,4544
8067,4544
8068,4545
8069,4545
8070,4546
8071,4547
8072,4547
8073,4547
8074,4547
8075,4548
8076,4548
8077,4549
8078,4549
8079,4549
8080,4550
8081,4551
8082,4552
8083,4552
8084,4553
8085,4554
8086,4554
8087,4554
8088,4554
8089,4555
8090,4556
8091,4557
8092,4558
8093,4558
8094,4558
8095,4558
8096,4559
8097,4560
8098,4560
8099,4561
8100,4561
8101,4562
8102,4563
8103,4563
8104,4564
8105,4565
8106,4565
8107,4565
8108,4566
8109,4567
8110,4567
8111,4567
8112,4567
8113,4568
8114,4569
8115,4570
8116,4570
8117,4571
8118,4572
8119,4572
8120,4572
8121,4573
8122,4574
8123,4575
8124,4576
8125,4577
8126,4578
8127,4579
8128,4579
8129,4579
8130,4579
8131,4580
8132,4580
8133,4581
8134,4582
8135,4582
8136,4582
8137,4582
8138,4583
8139,4583
8140,4583
8141,4584
8142,4585
8143,4585
8144,4585
8145,4586
8146,4586
8147,4587
8148,4587
8149,4588
8150,4589
8151,4590
8152,4591
8153,4591
8154,4592
8155,4593
8156,4593
8157,4593
8158,4593
8159,4594
8160,4595
8161,4596
8162,4597
8163,4597
8164,4597
8165,4597
8166,4598
8167,4598
8168,4598
8169,4598
8170,4599
8171,4600
8172,4601
8173,4601
8174,4602
8175,4602
8176,4602
8177,4602
8178,4603
8179,4604
8180,4604
8181,4605
8182,4605
8183,4606
8184,4607
8185,4607
8186,4607
8187,4607
8188,4608
8189,4609
8190,4610
8191,4610
8192,4610
8193,4611
8194,4612
8195,4613
8196,4614
8197,4614
8198,4614
8199,4614
8200,4615
8201,4615
8202,4615
8203,4616
8204,4617
8205,4618
8206,4618
8207,4619
8208,4620
8209,4620
8210,4620
8211,4620
8212,4621
8213,4621
8214,4622
8215,4623
8216,4624
8217,4624
8218,4624
8219,4625
8220,4625
8221,4625
8222,4625
8223,4626
8224,4626
8225,4626
8226,4626
8227,4627
8228,4628
8229,4628
8230,4628
8231,4629
8232,4630
8233,4631
8234,4632
8235,4633
8236,4633
8237,4633
8238,4634
8239,4634
8240,4634
8241,4634
8242,4635
8243,4636
8244,4636
8245,4636
8246,4637
8247,4637
8248,4637
8249,4638
8250,4639
8251,4639
8252,4639
8253,4639
8254,4640
8255,4640
8256,4640
8257,4640
8258,4641
8259,4641
8260,4641
8261,4641
8262,4642
8263,4642
8264,4643
8265,4644
8266,4644
8267,4645
8268,4645
8269,4645
8270,4646
8271,4647
8272,4647
8273,4648
8274,4648
8275,4649
8276,4649
8277,4649
8278,4649
8279,4650
8280,4650
8281,4651
8282,4652
8283,4653
8284,4654
8285,4654
8286,4655
8287,4656
8288,4656
8289,4656
8290,4657
8291,4657
8292,4657
8293,4658
8294,4659
8295,4659
8296,4659
8297,4660
8298,4661
8299,4662
8300,4662
8301,4662
8302,4663
8303,4663
8304,4663
8305,4664
8306,4665
8307,4666
8308,4667
8309,4667
8310,4667
8311,4668
8312,4668
8313,4668
8314,4669
8315,4669
8316,4669
8317,4669
8318,4670
8319,4670
8320,4670
8321,4670
8322,4671
8323,4672
8324,4673
8325,4673
8326,4673
8327,4673
8328,4674
8329,4675
8330,4676
8331,4676
8332,4677
8333,4677
8334,4677
8335,4678
8336,4679
8337,4679
8338,4679
8339,4679
8340,4680
8341,4680
8342,4680
8343,4680
8344,4681
8345,4681
8346,4681
8347,4681
8348,4682
8349,4683
8350,4684
8351,4684
8352,4685
8353,4686
8354,4686
8355,4686
8356,4687
8357,4687
8358,4687
8359,4687
8360,4688
8361,4688
8362,4688
8363,4688
8364,4689
8365,4690
8366,4691
8367,4692
8368,4693
8369,4694
8370,4695
8371,4695
8372,4696
8373,4696
8374,4697
8375,4698
8376,4698
8377,4699
8378,4700
8379,4701
8380,4701
8381,4701
8382,4702
8383,4703
8384,4704
8385,4704
8386,4705
8387,4705
8388,4705
8389,4706
8390,4707
8391,4707
8392,4707
8393,4707
8394,4708
8395,4709
8396,4710
8397,4711
8398,4712
8399,4713
8400,4713
8401,4713
8402,4713
8403,4714
8404,4714
8405,4715
8406,4716
8407,4716
8408,4717
8409,4717
8410,4717
8411,4717
8412,4718
8413,4718
8414,4718
8415,4718
8416,4719
8417,4720
8418,4720
8419,4721
8420,4721
8421,4722
8422,4722
8423,4723
8424,4724
8425,4724
8426,4724
8427,4725
8428,4726
8429,4726
8430,4727
8431,4727
8432,4727
8433,4728
8434,4728
8435,4728
8436,4729
8437,4730
8438,4731
8439,4731
8440,4731
8441,4731
8442,4732
8443,4732
8444,4732
8445,4732
8446,4733
8447,4734
8448,4734
8449,4734
8450,4735
8451,4735
8452,4735
8453,4736
8454,4736
8455,4736
8456,4736
8457,4737
8458,4738
8459,4738
8460,4739
8461,4739
8462,4739
8463,4740
8464,4741
8465,4742
8466,4742
8467,4742
8468,4743
8469,4743
8470,4743
8471,4744
8472,4745
8473,4745
8474,4745
8475,4746
8476,4747
8477,4748
8478,4748
8479,4748
8480,4748
8481,4749
8482,4749
8483,4750
8484,4751
8485,4752
8486,4752
8487,4753
8488,4753
8489,4753
8490,4753
8491,4754
8492,4755
8493,4755
8494,4756
8495,4757
8496,4757
8497,4757
8498,4757
8499,4758
8500,4758
8501,4759
8502,4760
8503,4761
8504,4762
8505,4763
8506,4764
8507,4765
8508,4766
8509,4767
8510,4768
8511,4769
8512,4770
8513,4770
8514,4771
8515,4772
8516,4773
8517,4774
8518,4774
8519,4774
8520,4774
8521,4775
8522,4776
8523,4777
8524,4778
8525,4778
8526,4778
8527,4779
8528,4780
8529,4781
8530,4781
8531,4782
8532,4783
8533,4784
8534,4785
8535,4786
8536,4787
8537,4787
8538,4787
8539,4788
8540,4789
8541,4790
8542,4791
8543,4792
8544,4793
8545,4793
8546,4794
8547,4795
8548,4796
8549,4796
8550,4796
8551,4796
8552,4797
8553,4798
8554,4799
8555,4800
8556,4801
8557,4801
8558,4802
8559,4803
8560,4803
8561,4803
8562,4804
8563,4805
8564,4806
8565,4807
8566,4807
8567,4808
8568,4809
8569,4809
8570,4810
8571,4811
8572,4812
8573,4813
8574,4813
8575,4813
8576,4813
8577,4814
8578,4814
8579,4814
8580,4814
8581,4815
8582,4816
8583,4817
8584,4818
8585,4818
8586,4819
8587,4819
8588,4820
8589,4821
8590,4821
8591,4822
8592,4823
8593,4823
8594,4823
8595,4824
8596,4825
8597,4826
8598,4826
8599,4827
8600,4827
8601,4827
8602,4828
8603,4828
8604,4829
8605,4830
8606,4831
8607,4831
8608,4831
8609,4832
8610,4833
8611,4834
8612,4834
8613,4834
8614,4834
8615,4835
8616,4836
8617,4837
8618,4838
8619,4838
8620,4838
8621,4838
8622,4839
8623,4839
8624,4840
8625,4840
8626,4840
8627,4841
8628,4841
8629,4842
8630,4843
8631,4844
8632,4845
8633,4846
8634,4847
8635,4847
8636,4847
8637,4848
8638,4848
8639,4849
8640,4849
8641,4849
8642,4849
8643,4850
8644,4850
8645,4850
8646,4851
8647,4852
8648,4853
8649,4854
8650,4855
8651,4856
8652,4857
8653,4857
8654,4857
8655,4858
8656,4859
8657,4860
8658,4861
8659,4861
8660,4861
8661,4861
8662,4862
8663,4862
8664,4862
8665,4862
8666,4863
8667,4864
8668,4864
8669,4864
8670,4864
8671,4865
8672,4865
8673,4865
8674,4865
8675,4866
8676,4867
8677,4868
8678,4869
8679,4870
8680,4871
8681,4872
8682,4873
8683,4874
8684,4875
8685,4875
8686,4875
8687,4875
8688,4876
8689,4877
8690,4878
8691,4878
8692,4878
8693,4879
8694,4880
8695,4881
8696,4881
8697,4881
8698,4881
8699,4882
8700,4882
8701,4882
8702,4882
8703,4883
8704,4883
8705,4884
8706,4885
8707,4885
8708,4885
8709,4886
8710,4886
8711,4887
8712,4887
8713,4888
8714,4889
8715,4889
8716,4890
8717,4891
8718,4892
8719,4893
8720,4894
8721,4894
8722,4895
8723,4896
8724,4896
8725,4896
8726,4896
8727,4897
8728,4898
8729,4899
8730,4900
8731,4901
8732,4901
8733,4901
8734,4902
8735,4902
8736,4903
8737,4904
8738,4905
8739,4905
8740,4905
8741,4906
8742,4907
8743,4907
8744,4908
8745,4908
8746,4909
8747,4910
8748,4911
8749,4911
8750,4911
8751,4911
8752,4912
8753,4912
8754,4912
8755,4913
8756,4914
8757,4915
8758,4916
8759,4917
8760,4917
8761,4918
8762,4919
8763,4920
8764,4921
8765,4921
8766,4921
8767,4922
8768,4923
8769,4923
8770,4923
8771,4923
8772,4924
8773,4925
8774,4925
8775,4925
8776,4926
8777,4927
8778,4927
8779,4927
8780,4927
8781,4928
8782,4929
8783,4929
8784,4929
8785,4929
8786,4930
8787,4931
8788,4931
8789,4931
8790,4931
8791,4932
8792,4932
8793,4932
8794,4932
8795,4933
8796,4933
8797,4933
8798,4934
8799,4935
8800,4936
8801,4937
8802,4937
8803,4937
8804,4937
8805,4938
8806,4939
8807,4940
8808,4940
8809,4940
8810,4940
8811,4941
8812,4941
8813,4942
8814,4942
8815,4942
8816,4943
8817,4943
8818,4943
8819,4943
8820,4944
8821,4945
8822,4946
8823,4946
8824,4946
8825,4946
8826,4947
8827,4947
8828,4948
8829,4948
8830,4948
8831,4949
8832,4950
8833,4951
8834,4952
8835,4952
8836,4953
8837,4954
8838,4955
8839,4955
8840,4956
8841,4956
8842,4957
8843,4957
8844,4957
8845,4957
8846,4958
8847,4958
8848,4958
8849,4958
8850,4959
8851,4960
8852,4961
8853,4962
8854,4963
8855,4964
8856,4964
8857,4964
8858,4964
8859,4965
8860,4965
8861,4966
8862,4966
8863,4966
8864,4966
8865,4967
8866,4968
8867,4968
8868,4968
8869,4969
8870,4969
8871,4969
8872,4970
8873,4970
8874,4971
8875,4972
8876,4972
8877,4972
8878,4972
8879,4973
8880,4973
8881,4974
8882,4974
8883,4974
8884,4975
8885,4975
8886,4975
8887,4975
8888,4976
8889,4976
8890,4976
8891,4976
8892,4977
8893,4977
8894,4978
8895,4979
8896,4979
8897,4980
8898,4981
8899,4981
8900,4982
8901,4983
8902,4983
8903,4984
8904,4985
8905,4985
8906,4986
8907,4986
8908,4986
8909,4987
8910,4988
8911,4989
8912,4990
8913,4990
8914,4990
8915,4990
8916,4991
8917,4992
8918,4992
8919,4992
8920,4993
8921,4994
8922,4995
8923,4996
8924,4997
8925,4997
8926,4998
8927,4998
8928,4998
8929,4999
8930,5000
8931,5000
8932,5000
8933,5000